-14,0.174655413231032
-13.9,0.167570581227251
-13.8,0.165016544691099
-13.7,0.166616384810234
-13.6,0.171993182772309
-13.5,0.180770019764981
-13.4,0.192569976975905
-13.3,0.207016135592737
-13.2,0.223731576803131
-13.1,0.242339381794744
-13,0.26246263175523
-12.9,0.283724407872245
-12.8,0.305747791333445
-12.7,0.328155863326485
-12.6,0.350571705039021
-12.5,0.372618397658707
-12.4,0.3939190223732
-12.3,0.414096660370154
-12.2,0.432774392837226
-12.1,0.44957530096207
-12,0.464122465932342
-11.9,0.476506420549176
-11.8,0.488687504067618
-11.7,0.503093507356196
-11.6,0.522152221283432
-11.5,0.548291436717853
-11.4,0.583938944527984
-11.3,0.631522535582351
-11.2,0.69347000074948
-11.1,0.772209130897894
-11,0.870167716896119
-10.9,0.988079690959746
-10.8,1.11990355069262
-10.7,1.25790393504567
-10.6,1.3943454829698
-10.5,1.52149283341592
-10.4,1.63161062533496
-10.3,1.71696349767782
-10.2,1.76981608939542
-10.1,1.78243303943867
-10,1.7470789867585
-9.9,1.66002446468611
-9.8,1.53356358407393
-9.7,1.38399635015468
-9.6,1.22762276816108
-9.5,1.08074284332586
-9.4,0.959656580881739
-9.3,0.880663986061444
-9.2,0.860065064097692
-9.1,0.914159820223209
-9,1.05924825967072
-8.9,1.30667137387114
-8.8,1.64793409904818
-8.7,2.06958235762377
-8.6,2.5581620720198
-8.5,3.10021916465818
-8.4,3.68229955796084
-8.3,4.29094917434965
-8.2,4.91271393624657
-8.1,5.53413976607348
-8,6.1417725862523
-7.9,6.72491177049605
-7.8,7.2838704976822
-7.7,7.82171539797935
-7.6,8.34151310155608
-7.5,8.84633023858098
-7.4,9.33923343922263
-7.3,9.82328933364963
-7.2,10.3015645520306
-7.1,10.777125724534
-7,11.2530394813286
-6.9,11.7313164224606
-6.8,12.2097430274875
-6.7,12.6850497458444
-6.6,13.1539670269665
-6.5,13.613225320289
-6.4,14.059555075247
-6.3,14.4896867412757
-6.2,14.9003507678102
-6.1,15.2882776042857
-6,15.6501977001375
-5.9,15.9814075223421
-5.8,16.2714676080428
-5.7,16.508504511924
-5.6,16.6806447886704
-5.5,16.7760149929666
-5.4,16.7827416794972
-5.3,16.6889514029469
-5.2,16.4827707180003
-5.1,16.1523261793419
-5,15.6857443416564
-4.9,15.079855461063
-4.8,14.3663045994193
-4.7,13.5854405200174
-4.6,12.7776119861495
-4.5,11.9831677611077
-4.4,11.2424566081842
-4.3,10.5958272906712
-4.2,10.0836285718608
-4.1,9.74620921504514
-4,9.62391798351643
-3.9,9.74297604869341
-3.8,10.0730942145013
-3.7,10.5698556929918
-3.6,11.1888436962169
-3.5,11.8856414362282
-3.4,12.6158321250777
-3.3,13.3349989748171
-3.2,13.9987251974981
-3.1,14.5625940051727
-3,14.9821886098926
-2.9,15.2244390887347
-2.8,15.3016629788764
-2.7,15.2375246825203
-2.6,15.0556886018689
-2.5,14.7798191391247
-2.4,14.4335806964901
-2.3,14.0406376761678
-2.2,13.6246544803602
-2.1,13.2092955112699
-2,12.8182251710993
-1.9,12.4687845524659
-1.8,12.1530215096463
-1.7,11.8566605873321
-1.6,11.5654263302148
-1.5,11.265043282986
-1.4,10.9412359903372
-1.3,10.5797289969599
-1.2,10.1662468475458
-1.1,9.68651408678639
-1,9.12625525937314
-0.899999999999999,8.47515205043053
-0.799999999999999,7.73871470681457
-0.699999999999999,6.92641061581416
-0.6,6.04770716471819
-0.5,5.11207174081556
-0.399999999999999,4.12897173139515
-0.299999999999999,3.10787452374588
-0.199999999999999,2.05824750515664
-0.0999999999999996,0.98955806291632
0,-0.0887264156861794
0.0999999999999996,-1.16713854336196
0.199999999999999,-2.23621093282213
0.299999999999999,-3.2864761967778
0.399999999999999,-4.30846694794006
0.5,-5.29271579902003
0.6,-6.22975536272879
0.699999999999999,-7.11011825177746
0.799999999999999,-7.92433707887713
0.899999999999999,-8.66294445673892
1,-9.31647299807393
1.1,-9.87939611908879
1.2,-10.3619504499723
1.3,-10.7783134244087
1.4,-11.1426624760823
1.5,-11.4691750386774
1.6,-11.7720285458784
1.7,-12.0654004313695
1.8,-12.3634681288349
1.9,-12.6804090719592
2,-13.0304006944264
2.1,-13.421333501546
2.2,-13.8359502851279
2.3,-14.2507069086071
2.4,-14.6420592354183
2.5,-14.9864631289967
2.6,-15.260374452777
2.7,-15.4402490701943
2.8,-15.5025428446836
2.9,-15.4237116396797
3,-15.1802113186175
3.1,-14.759818286448
3.2,-14.1955911141855
3.3,-13.5319089143601
3.4,-12.8131507995021
3.5,-12.0836958821416
3.6,-11.387923274809
3.7,-10.7702120900344
3.8,-10.2749414403481
3.9,-9.9464904382802
4,-9.82923819636099
4.1,-9.95341890509299
4.2,-10.292687066868
4.3,-10.8065522620502
4.4,-11.4545240710037
4.5,-12.1961120740926
4.6,-12.990825851681
4.7,-13.7981749841332
4.8,-14.5776690518132
4.9,-15.2888176350852
5,-15.8911303143132
5.1,-16.3528888918704
5.2,-16.6774640581652
5.3,-16.8769987256152
5.4,-16.9636358066378
5.5,-16.9495182136503
5.6,-16.8467888590703
5.7,-16.6675906553153
5.8,-16.4240665148025
5.9,-16.1283593499496
6,-15.7926120731739
6.1,-15.4274465368015
6.2,-15.0374003527926
6.3,-14.6254900730161
6.4,-14.1947322493408
6.5,-13.7481434336357
6.6,-13.2887401777695
6.7,-12.8195390336111
6.8,-12.3435565530293
6.9,-11.8638092878931
7,-11.3833137900713
7.1,-10.904096195777
7.2,-10.4242209786005
7.3,-9.9407621964765
7.4,-9.45079390733952
7.5,-8.95139016912421
7.6,-8.43962503976516
7.7,-7.912572577197
7.8,-7.36730683935433
7.9,-6.80090188417176
8,-6.21043176958389
8.1,-5.59570837602293
8.2,-4.96749487391146
8.3,-4.33929225616962
8.4,-3.72460151571762
8.5,-3.13692364547558
8.6,-2.58975963836369
8.7,-2.09661048730212
8.8,-1.67097718521102
8.9,-1.32636072501057
9,-1.07626209962093
9.1,-0.929198893947913
9.2,-0.87375506083992
9.3,-0.893531145131003
9.4,-0.972127691655206
9.5,-1.09314524524658
9.6,-1.24018435073918
9.7,-1.39684555296704
9.8,-1.54672939676423
9.9,-1.67343642696477
10,-1.76056718840274
10.1,-1.79575122150435
10.2,-1.78273404906461
10.3,-1.7292901894707
10.4,-1.6431941611098
10.5,-1.5322204823691
10.6,-1.40414367163577
10.7,-1.266738247297
10.8,-1.12777872773997
10.9,-0.995039631351871
11,-0.876295476519875
11.1,-0.777618435689985
11.2,-0.698271297543468
11.3,-0.635814504820405
11.4,-0.587808500260881
11.5,-0.551813726604978
11.6,-0.525390626592778
11.7,-0.506099642964365
11.8,-0.491501218459821
11.9,-0.47915579581923
12,-0.466623817782674
12.1,-0.451935132539959
12.2,-0.43499721007978
12.3,-0.416186925840558
12.4,-0.395881155260711
12.5,-0.374456773778659
12.6,-0.35229065683282
12.7,-0.329759679861615
12.8,-0.30724071830346
12.9,-0.285110647596778
13,-0.263746343179986
13.1,-0.243524680491503
13.2,-0.224822534969749
13.3,-0.208016782053142
13.4,-0.193484297180103
13.5,-0.181601955789049
13.6,-0.172746633318401
13.7,-0.167295205206577
13.8,-0.165624546891997
13.9,-0.168111533813079
14,-0.175133041408244
