position,velocity,v0
-17,26,26
-15.6399951467902,26.0002410269258,26
-8.84118800318435,25.9716730020321,26
-7.29456264074003,25.8555161157535,26
-5.76120071686827,25.4765300628386,26
-3.66521277167881,24.0866953403683,26
-2.37580806614449,22.5374886241163,26
-1.17929468713717,20.8042209261422,26
-0.21968979736438,19.450813384751,26
1.00146842319607,17.6052806842927,26
1.68540886934848,16.4538628028106,26
2.32097858473927,15.2096742036485,26
2.98683398398945,13.7979895266241,26
4.28273730429471,10.9642657334755,26
5.10463008995989,9.31887291323503,26
5.8070072453181,7.99226433544094,26
6.65514044715685,6.58710900170681,26
6.92056903447659,6.25009593889742,26
7.1736634846247,5.98494821971958,26
7.51867250360432,5.66834947094439,26
8.24926789255086,5.16322803705017,26
8.82263894799481,4.95218354059602,26
9.38120210279383,4.88090636118078,26
9.86880145913205,4.83862419841352,26
11.6820734993548,4.7586692942196,26
13.4768530902686,4.72997392212075,26
18.8146088210466,NaN,26
NaN,NaN,26
NaN,NaN,26
NaN,NaN,26
NaN,NaN,26
NaN,NaN,26
NaN,NaN,26
NaN,NaN,26
NaN,NaN,26
NaN,NaN,26
NaN,NaN,26
-17,25.3,25.3
-15.6399941172068,25.3002876357509,25.3
-8.84121292332979,25.2708786997951,25.3
-7.32865850973883,25.1536402783334,25.3
-5.82935508684795,24.7791236376365,25.3
-3.88523476123321,23.4967415668711,25.3
-2.4823903647133,21.7511697528457,25.3
-1.54970807000762,20.2093965649006,25.3
-0.682259176840763,18.8539715058556,25.3
0.143647336948961,17.5390489537052,25.3
0.824123674936883,16.3982225741891,25.3
1.45896888092137,15.2461794850363,25.3
2.26719345021317,13.4377903328887,25.3
2.92509225750016,11.7022806912187,25.3
3.77837649869692,9.07631507421701,25.3
4.32484733518599,7.28594355479015,25.3
4.77365601185599,5.623057469963,25.3
5.17549839037945,3.81904754215378,25.3
5.43901111746505,2.39388185623043,25.3
5.57807929029721,1.43178273626954,25.3
5.62731277545921,0.959410131457295,25.3
5.65765997013269,0.511637944004596,25.3
5.66564101861485,-0.303288470501837,25.3
5.62669419995043,-0.96135160829378,25.3
5.52641060161874,-1.7161961049578,25.3
5.29642878313106,-2.63524161612108,25.3
4.81341356210708,-3.66359583563387,25.3
4.02744425237366,-4.60292847314166,25.3
3.20914364083934,-5.15495152078605,25.3
3.00199869107622,-5.23417826368089,25.3
2.79134498004401,-5.34746433435599,25.3
2.14703115757421,-6.14535636858548,25.3
1.93209125734723,-6.49398811395093,25.3
1.70590389042711,-6.79520124862575,25.3
1.01573238998986,-7.3301724594095,25.3
0.355215914777151,-7.25152685497079,25.3
-0.273676519951192,-6.65920287594656,25.3
-0.739998107225651,-5.9557583113952,25.3
-1.33305137232393,-4.7535880144491,25.3
-1.88995149462197,-3.23123458095454,25.3
-2.22861508717379,-2.05606871026446,25.3
-2.42221394521454,-1.23595775233069,25.3
-2.45604741565215,-1.07226264266152,25.3
-2.47919314792937,-0.956032207795603,25.3
-2.49969262211543,-0.836995585954237,25.3
-2.55400247761648,-0.0644761985829797,25.3
-2.52245462208849,0.769898933489301,25.3
-2.49679144582618,1.0541175501722,25.3
-2.46316170057113,1.33218642238354,25.3
-2.36900244037772,1.88712418038866,25.3
-2.24731235460951,2.44584481878711,25.3
-2.07605279355556,3.15520692723389,25.3
-1.8659885578386,4.01631294347654,25.3
-1.61462018295495,4.92594910600104,25.3
-1.354784970301,5.68565340084399,25.3
-1.06046723799258,6.31711475740208,25.3
-0.572725459285371,6.77532275429655,25.3
-0.122353038629073,6.70361167879918,25.3
0.292031640761897,6.36667758932359,25.3
0.651926370485594,5.9011172603093,25.3
1.13377509527705,5.05476156207331,25.3
1.58755830681011,4.02231995193844,25.3
1.94746282585065,2.97024267100258,25.3
2.20660519997347,2.07803291319984,25.3
2.38343970841751,1.36061253113511,25.3
2.45329750720013,1.0337689401299,25.3
2.4712136000538,0.945122109634775,25.3
2.4875091799339,0.852682726865685,25.3
2.54020167001188,0.279727446198099,25.3
2.53955360478723,-0.315782792953774,25.3
2.51413852009687,-0.758882000462837,25.3
2.48517334249103,-1.07502639078225,25.3
2.44627403295,-1.38377404128028,25.3
2.34904607433445,-1.93714233128175,25.3
2.2273791652786,-2.48940111155131,25.3
2.04149077098134,-3.2579438976991,25.3
1.88962694454151,-3.88214142335798,25.3
1.70922609161001,-4.57470308567416,25.3
1.37037920816087,-5.6233349259211,25.3
0.968717205676284,-6.45297275559728,25.3
0.599830603030878,-6.76365378698897,25.3
0.197829395267484,-6.73651500705104,25.3
-0.211196075465679,-6.44754293594863,25.3
-0.530142665253735,-6.07409581252386,25.3
-0.970860587846324,-5.36283580837621,25.3
-1.35735045083744,-4.57551409988284,25.3
-1.79724896621478,-3.4352393311499,25.3
-2.11589269175205,-2.3965752775522,25.3
-2.29767500027962,-1.72230365133463,25.3
-2.41469033261924,-1.21438127770784,25.3
-2.47020466101377,-0.946822064635767,25.3
-2.51201190491351,-0.665096590275644,25.3
-2.54386827406198,-0.11888418159061,25.3
-2.52731391089815,0.558611701794633,25.3
-2.50014313894434,0.917021897118484,25.3
-2.45947698073745,1.28257658302139,25.3
-2.38406029208997,1.75407426103114,25.3
-2.26914608179218,2.30471116088454,25.3
-2.1342629297424,2.87666717849541,25.3
-1.936364220856,3.68545507112594,25.3
-1.7225129797814,4.52136246416086,25.3
-1.5010336572617,5.24963134211547,25.3
-1.24206799305924,5.94254375006765,25.3
-0.954480053805742,6.47553462485083,25.3
-0.636881087729535,6.75043880763733,25.3
-0.240882588396301,6.75344105635154,25.3
0.171369909237675,6.48572655086857,25.3
0.501878707153841,6.11234632411893,25.3
0.934669754907995,5.42874095093326,25.3
1.32851521166257,4.64010060668801,25.3
1.78635524228297,3.46789011007358,25.3
2.05570611632607,2.60316376604137,25.3
2.25482611589142,1.8903045682035,25.3
2.38573642947468,1.34564553679075,25.3
2.44107270396014,1.08853544494262,25.3
2.4676160375022,0.958664302865234,25.3
2.49080772753344,0.825811924312539,25.3
2.54068080203284,0.242607523547714,25.3
2.53766748240609,-0.343989972567877,25.3
2.51343932991814,-0.756852180761183,25.3
2.48673499906392,-1.05229655263466,25.3
2.45132715490359,-1.34194424740187,25.3
2.35593646685761,-1.89869557046799,25.3
2.23350950479849,-2.45955413704804,25.3
2.05805205262608,-3.18742269553157,25.3
1.84729580995961,-4.05652088500637,25.3
1.63634195411232,-4.82791505665153,25.3
1.28418381047888,-5.84565647334718,25.3
0.932059782145041,-6.51110534648992,25.3
0.613279213088506,-6.76310974754979,25.3
0.212864192199891,-6.74532542952266,25.3
-0.197843149228795,-6.4623487629579,25.3
-0.517147679041947,-6.09313490434258,25.3
-0.954093794538558,-5.39437091359275,25.3
-1.3430834678327,-4.60817554044791,25.3
-1.79194436516834,-3.45155021076998,25.3
-2.05952755288956,-2.59002290903033,25.3
-2.25730637858651,-1.88069801393341,25.3
-2.3866240520891,-1.34160319799468,25.3
-2.44196292773013,-1.08420247697347,25.3
-2.46832118102746,-0.955101738716246,25.3
-2.49134799725627,-0.822259421800479,25.3
-2.54079062501427,-0.239225736468901,25.3
-2.53747487805335,0.348940555080335,25.3
-2.51382973989795,0.751812398181278,25.3
-2.48808576926976,1.03952742793559,25.3
-2.45407340695268,1.32219588981507,25.3
-2.35950958703404,1.88091752969951,25.3
-2.23774082667223,2.44151537846415,25.3
-2.0680193980532,3.14703587322415,25.3
-1.85894391821029,4.00781346185967,25.3
-1.60254078917831,4.93797494061855,25.3
-1.3459890004837,5.68766944668918,25.3
-1.05587747165854,6.31139926019456,25.3
-0.568173583422735,6.7696268282699,25.3
-0.118496279299441,6.69716610237163,25.3
0.294512963856105,6.36094429251257,25.3
0.654956130773805,5.8942461836361,25.3
1.13718514516596,5.04642427118806,25.3
1.59380927782848,4.00510216534694,25.3
1.94999670064132,2.96128523489025,25.3
2.20689580448228,2.07630234506883,25.3
2.38188396957365,1.3670013679854,25.3
2.45184464465179,1.04031236498168,25.3
2.46934529629466,0.953922262779669,25.3
2.48532634529146,0.865177257708418,25.3
2.53851838096714,0.317335624350378,25.3
2.54122184532733,-0.26081772325195,25.3
2.49812172397206,-0.944081501151521,25.3
2.4184368294995,-1.56141847006129,25.3
2.33330562157629,-2.01129083718738,25.3
2.22617620563038,-2.49282981964772,25.3
2.0424956694915,-3.25230928316654,25.3
1.89041236270376,-3.87739988444931,25.3
1.70964435774632,-4.57202855133676,25.3
1.37086583801762,-5.62121007904656,25.3
0.969335776562042,-6.45152763857019,25.3
0.599931326717894,-6.76329183890321,25.3
0.19798852156544,-6.73636405303931,25.3
-0.211010184697767,-6.44757369012849,25.3
-0.529833346380665,-6.07440025662265,25.3
-0.970419462563113,-5.36356120492594,25.3
-1.35695997764633,-4.57633414973048,25.3
-1.79711970299739,-3.43558635043128,25.3
-2.11591745671718,-2.39646241157638,25.3
-2.29771835824243,-1.7221040705039,25.3
-2.41474505649657,-1.21410487141877,25.3
-2.47025989174937,-0.9465251347329,25.3
-2.51205953119905,-0.664644113207274,25.3
-2.54387315263176,-0.118431138865301,25.3
-2.5272884459111,0.559003477427993,25.3
-2.50009537340566,0.917521817383344,25.3
-2.459400671391,1.28314106304819,25.3
-2.38342996765837,1.75744133513254,25.3
-2.26832275111003,2.30836528427519,25.3
-2.13264627474769,2.8833232314091,25.3
-1.93447200000219,3.69331564050828,25.3
-1.72002193125682,4.53036337437592,25.3
-1.49555166386515,5.26601940975012,25.3
-1.23452133127962,5.96043025553997,25.3
-0.944770746010783,6.49038762053179,25.3
-0.647639126484428,6.74660521976598,25.3
-0.253252875448467,6.7581724298317,25.3
0.159905036002523,6.49662986302342,25.3
0.495163321668451,6.12152377681195,25.3
0.926244587600389,5.44413206508485,25.3
1.32272435666642,4.65313134613953,25.3
1.7830306436617,3.47788999201599,25.3
2.05189881568259,2.61650372878997,25.3
2.25112205717297,1.90476610928207,25.3
2.384586557413,1.35104232579685,25.3
2.43991761661585,1.09430999275239,25.3
2.46670963592016,0.96339571260375,25.3
2.49012246120221,0.830517210105238,25.3
2.5405657702443,0.247096766429776,25.3
2.53795258252617,-0.33742134661828,25.3
2.51277721982346,-0.765771713083117,25.3
2.48412657085487,-1.07685336574166,25.3
2.44585806934336,-1.38062180303786,25.3
2.34880922733375,-1.93394858607393,25.3
2.22634791462661,-2.49007337606037,25.3
2.04035749614151,-3.25920183684938,25.3
1.88872255809333,-3.88272168985734,25.3
1.70863794204538,-4.57426543587798,25.3
1.36985182391552,-5.6229770958926,25.3
0.968199243666221,-6.45276477294406,25.3
0.600683392279515,-6.76273526991713,25.3
0.198904702734539,-6.73654203884201,25.3
-0.210129890756758,-6.44829164123385,25.3
-0.528454126948447,-6.07616626251819,25.3
-0.968541338664243,-5.36691548931802,25.3
-1.35532303061748,-4.57995589147186,25.3
-1.79668899729921,-3.43683914764065,25.3
-2.11617610616078,-2.39554950868619,25.3
-2.29811190468388,-1.72048908575108,25.3
-2.41523322928778,-1.21181653588873,25.3
-2.47075482310262,-0.944035037424183,25.3
-2.51249107632106,-0.660818346317014,25.3
-2.54394273497721,-0.114595279576593,25.3
-2.52710198435099,0.562323170515446,25.3
-2.49972015861302,0.921760994960355,25.3
-2.45878393050778,1.28792843653295,25.3
-2.37752973553479,1.78883738700983,25.3
-2.260616080966,2.34253110974489,25.3
-2.11721262421462,2.94681916786937,25.3
-1.91641320851146,3.76843538766365,25.3
-1.69597644842632,4.61697387612997,25.3
-1.43495189819329,5.44260807259218,25.3
-1.04692526295751,6.32398368123872,25.3
-0.688066542302622,6.71832249660943,25.3
-0.266472032088259,6.75755704245135,25.3
0.154823969815803,6.49803138998971,25.3
0.495412912538336,6.11877912982436,25.3
0.926563056912775,5.4418549239741,25.3
1.3226569592387,4.65208020126122,25.3
1.78499005631655,3.47133691869651,25.3
2.05601048130377,2.60167418524701,25.3
2.25601303797179,1.88539463182435,25.3
2.38613586220149,1.34353519179816,25.3
2.44147009371099,1.08632148765175,25.3
2.46791995150288,0.956853765466134,25.3
2.49102862213574,0.824016714858489,25.3
2.54068758733717,0.240909800807411,25.3
2.53752310000811,-0.346457702521004,25.3
2.51359505989565,-0.75420227140645,25.3
2.48747294263388,-1.04485494006188,25.3
2.45291867691041,-1.33015875466281,25.3
2.35802409656876,-1.88805593389616,25.3
2.23599023342949,-2.44875903652751,25.3
2.06400045946949,-3.16311832502862,25.3
1.85425852541804,-4.02721258419124,25.3
1.62047753956721,-4.87955985014038,25.3
1.34559543256461,-5.68900357380986,25.3
1.03192044826984,-6.35238847338452,25.3
0.509274227839536,-6.78530263948195,25.3
0.0496895538298182,-6.65955072769372,25.3
-0.356410681015261,-6.29368615256189,25.3
-0.743162694317886,-5.75768230986267,25.3
-1.24681612981981,-4.82119776036771,25.3
-1.84355225043362,-3.30230281318026,25.3
-2.19825521820966,-2.11512391654181,25.3
-2.41590208215293,-1.21795463925408,25.3
-2.45324712819304,-1.03954655593299,25.3
-2.47674919417868,-0.921583631283494,25.3
-2.49734974711153,-0.794820958224525,25.3
-2.54362586585221,-0.204956026132708,25.3
-2.52902027825,0.556874251155628,25.3
-2.50216032585226,0.912910086505606,25.3
-2.46199151203004,1.27631410777445,25.3
-2.39139324603019,1.7237976707422,25.3
-2.27824622253484,2.27174303551545,25.3
-2.15043169216789,2.81675679456145,25.3
-1.95493552514722,3.61484286854293,25.3
-1.74480110645614,4.44574189616239,25.3
-1.5447677990222,5.12068632316014,25.3
-1.30097588484974,5.8021075775306,25.3
-1.02927382051404,6.35804991845289,25.3
-0.521353577456324,6.78384322382049,25.3
-0.0654327781971334,6.6695188810277,25.3
0.34203395819494,6.31026099564217,25.3
0.722997285117707,5.79014193031139,25.3
1.22778294680373,4.86169160489287,25.3
1.79248366994437,3.45515465230943,25.3
2.17754580302307,2.18821842261947,25.3
2.39848207963406,1.29555013552611,25.3
2.44303441659825,1.08643406732452,25.3
2.46835133213051,0.962203551313592,25.3
2.49062065007468,0.835962841246199,25.3
2.54194613543675,0.242671436929138,25.3
2.53871342891488,-0.349759694455123,25.3
2.51565144497073,-0.745020070788564,25.3
2.49042531842915,-1.02963314991522,25.3
2.45709758866373,-1.30990486920661,25.3
2.36307516802423,-1.86994360668743,25.3
2.24174468341968,-2.43019249530433,25.3
2.07549612494896,-3.12195369491862,25.3
1.86738638751192,-3.97739246288446,25.3
1.54269266062312,-5.13058673528632,25.3
1.29542588270886,-5.81867989761151,25.3
1.0197481609689,-6.3755900201892,25.3
0.510075382650732,-6.7877685208416,25.3
0.0573826093898967,-6.66592175667403,25.3
-0.34786240164195,-6.30457541836582,25.3
-0.731219508787662,-5.7777118439846,25.3
-1.2388750969199,-4.83875869846399,25.3
-1.81955387055506,-3.37496301526538,25.3
-2.18864852198248,-2.14953042356088,25.3
-2.40791896139075,-1.25395704070638,25.3
-2.44876027498846,-1.06039662042616,25.3
-2.47249610787891,-0.943125824290241,25.3
-2.49342816876168,-0.820185429266716,25.3
-2.54291952032444,-0.223193505681327,25.3
-2.53781686795136,0.380735702824836,25.3
-2.5167061480034,0.736085798410379,25.3
-2.49308011498201,1.00678951186974,25.3
-2.46208348940286,1.27515798714477,25.3
-2.36948558167909,1.8391747066125,25.3
-2.24930445064299,2.39909883432828,25.3
-2.092071195634,3.05594140699495,25.3
-1.8867042196677,3.8978572830594,25.3
-1.60118679272572,4.94482850614521,25.3
-1.34747922164664,5.68566390295936,25.3
-1.06095055850749,6.30380801625515,25.3
-0.583778288164827,6.76520750141689,25.3
-0.136708082233288,6.70661366119944,25.3
0.277952746549538,6.37860216835226,25.3
0.630879074047378,5.93022180373654,25.3
1.10522700828754,5.10934706129372,25.3
1.53691397752742,4.1499166992754,25.3
1.93310985883545,3.0156664558564,25.3
2.21264520511124,2.05587889808576,25.3
2.3940679184812,1.313076950891,25.3
2.45931261006057,1.00463448446374,25.3
2.49718402705137,0.786379531878475,25.3
2.52510762477503,0.531176705109394,25.3
2.54507953855464,-0.00782824574645502,25.3
2.52117976439523,-0.659025129180106,25.3
2.50543125063791,-0.861312751753005,25.3
2.4854062450823,-1.06983270592325,25.3
2.46009767085764,-1.28137220575515,25.3
2.36866581911816,-1.8372220165052,25.3
2.24869876158818,-2.39657176446528,25.3
2.0920007063683,-3.05160120151551,25.3
1.88687463161224,-3.89284445379638,25.3
1.61169044015863,-4.9074557977713,25.3
1.34829710707387,-5.68116593985763,25.3
1.04927281793797,-6.32238007496593,25.3
0.563691009352113,-6.77110818982595,25.3
0.114289491655554,-6.69509746698745,25.3
-0.298066321985899,-6.35723728242364,25.3
-0.660086031815747,-5.88658476396249,25.3
-1.14401201850229,-5.03282563871909,25.3
-1.6054270346842,-3.9748749821326,25.3
-1.95484738580631,-2.94554835063897,25.3
-2.20762980524127,-2.07344962516721,25.3
-2.37910087667891,-1.37931123652708,25.3
-2.44933311625657,-1.05242642804557,25.3
-2.4662026565606,-0.969468326102476,25.3
-2.4817007142273,-0.886333528296173,25.3
-2.51095856150553,-0.67835901889766,25.3
-2.54413310276785,-0.1277568404023,25.3
-2.52778062473033,0.557701330038141,25.3
-2.50068635649641,0.915701054351511,25.3
-2.46012823979781,1.28093383346533,25.3
-2.3862222831533,1.74485059632649,25.3
-2.27184843365989,2.29464650544264,25.3
-2.13916346414101,2.85822098111561,25.3
-1.94200718444615,3.66362622590926,25.3
-1.7297986692461,4.49628473644718,25.3
-1.51603022490587,5.20547119610488,25.3
-1.2624729203987,5.89437179599156,25.3
-0.980549606195184,6.43539714162458,25.3
-0.535325865032741,6.78241926272474,25.3
-0.122302681824015,6.70211035863183,25.3
0.280031759155316,6.37838727024181,25.3
0.633312575597246,5.92811343809089,25.3
1.10876541987711,5.10348970158324,25.3
1.54361541518764,4.13384474667886,25.3
1.9342252814896,3.01259404466386,25.3
2.21079442195537,2.06297772786607,25.3
2.393012893941,1.31801335501593,25.3
2.45919393792987,1.00536413509118,25.3
2.49717617490662,0.786608722768103,25.3
2.52516365836307,0.530775075409175,25.3
2.54510191919486,-0.00815491950628977,25.3
2.52119079432113,-0.659202589571209,25.3
2.5054313528928,-0.86158405977712,25.3
2.48539170249607,-1.07019287444331,25.3
2.46007372323142,-1.2817388374847,25.3
2.36863100585889,-1.83753002194069,25.3
2.24865361580503,-2.39687581399023,25.3
2.09187279252892,-3.0522195084496,25.3
1.88671968391853,-3.89357917184569,25.3
1.61007807773777,-4.91280970417203,25.3
1.3482095194577,-5.68144680317623,25.3
1.05115087729602,-6.31919330247271,25.3
0.567827708510853,-6.76982024243894,25.3
0.119037657400905,-6.69750425937679,25.3
-0.293770604269442,-6.3617762970461,25.3
-0.653866029011351,-5.89591511176593,25.3
-1.13574380215354,-5.04931835160188,25.3
-1.59138405456651,-4.01140370995542,25.3
-1.94902772184577,-2.96443709249092,25.3
-2.20680270088457,-2.07668644242146,25.3
-2.38247533953296,-1.36439102794476,25.3
-2.4523511892823,-1.03787548515804,25.3
-2.46999341194522,-0.950718274284928,25.3
-2.48608161244089,-0.860694501622187,25.3
-2.53910204879638,-0.304189341004749,25.3
-2.54064682699969,0.279982571439148,25.3
-2.4956850263354,0.970052509692218,25.3
-2.42017439144664,1.55167371503878,25.3
-2.33723013376451,1.9932558351648,25.3
-2.23313320980472,2.46363396335665,25.3
-2.05074203701312,3.21937119742211,25.3
-1.89656535789875,3.85234745680714,25.3
-1.71256299037622,4.56182081504646,25.3
-1.38847161332375,5.57397786678622,25.3
-0.99037576244551,6.41833339340199,25.3
-0.585818413298354,6.76774646845318,25.3
-0.181466976472717,6.7292815853631,25.3
0.226190384097763,6.43261984725141,25.3
0.553073571162881,6.04247456433832,25.3
1.0016068563212,5.30617746599955,25.3
1.38496696153948,4.51300549983272,25.3
1.84390376695304,3.29500265910686,25.3
2.16651770320928,2.22249333420893,25.3
2.39520625432277,1.3056911685381,25.3
2.4401483416476,1.09570074064842,25.3
2.46596085022691,0.9695682768942,25.3
2.48865884455116,0.842685813533769,25.3
2.52292888081909,0.555708202801436,25.3
2.54495171305925,0.0150286808424386,25.3
2.52227678604208,-0.641146549605747,25.3
2.50760028636751,-0.834497451348741,25.3
2.48900167282498,-1.03454190318177,25.3
2.46464909354331,-1.24544705686973,25.3
2.37437923830319,-1.80704444873501,25.3
2.25548848398537,-2.36646913395441,25.3
2.1067518828449,-2.99093242970231,25.3
1.90414464648701,-3.8206147988868,25.3
1.67925986844707,-4.67769338703743,25.3
1.37793086713129,-5.60140580249265,25.3
0.978603544222255,-6.43645570117827,25.3
0.595487406858523,-6.76423625291181,25.3
0.192859089435061,-6.73387442936467,25.3
-0.215669482354463,-6.44278135164952,25.3
-0.536966894930229,-6.0644897371619,25.3
-0.979965602226011,-5.34595967807709,25.3
-1.36529212324459,-4.5574979025092,25.3
-1.81135165238555,-3.39316131487811,25.3
-2.13140270438499,-2.34304493173766,25.3
-2.32015510904044,-1.63027654551422,25.3
-2.44382076465167,-1.07681214486159,25.3
-2.45977429486895,-0.999004361667075,25.3
-2.47456123914601,-0.924009027812601,25.3
-2.49063919778891,-0.828777783097037,25.3
-2.54104683428876,-0.239431489241504,25.3
-2.53675634337029,0.373232013769946,25.3
-2.51588947957044,0.728304132342554,25.3
-2.49243350978547,0.998786806327777,25.3
-2.46158880519115,1.26767140855413,25.3
-2.36911039344489,1.83330169355455,25.3
-2.24908659487897,2.39352481843126,25.3
-2.0933225085706,3.04498940270442,25.3
-1.88849534062876,3.88496519209503,25.3
-1.62737167114349,4.85481539675987,25.3
-1.26952211224811,5.87949837480828,25.3
-0.938259765995436,6.50074689755822,25.3
-0.622800927215574,6.75808804652914,25.3
-0.224155611820216,6.74869828681049,25.3
0.187198788244516,6.47181896970772,25.3
0.511166664580634,6.10065053571086,25.3
0.94650811492927,5.40776717276993,25.3
1.33692815408391,4.62165812101761,25.3
1.79015529648128,3.45674565483642,25.3
2.05911135868154,2.59140261964242,25.3
2.25768253042915,1.87922761788818,25.3
2.38678927083419,1.34084239350247,25.3
2.44212720323735,1.0833946880271,25.3
2.46852270966934,0.954080405976498,25.3
2.49157073129137,0.820789455254818,25.3
2.54081744777444,0.238401103785135,25.3
2.53744096661451,-0.349813546674222,25.3
2.51386089277761,-0.751413289326504,25.3
2.48817294080942,-1.03870197101533,25.3
2.45424009943122,-1.32099048159945,25.3
2.35972526695676,-1.87984257868986,25.3
2.23799617100773,-2.44042685542814,25.3
2.06861186108336,-3.14463636056194,25.3
1.85963632424516,-4.00492042252362,25.3
1.59902653592957,-4.94932454746777,25.3
1.34528625270137,-5.68944733718458,25.3
1.05879523007444,-6.30632931316342,25.3
0.572257683422043,-6.76824662801583,25.3
0.122977523321697,-6.69936535268924,25.3
-0.290502180167781,-6.36513348494839,25.3
-0.649135316352706,-5.90291886253006,25.3
-1.12944025839495,-5.06179954848836,25.3
-1.58097675464852,-4.0382379771825,25.3
-1.94506050294485,-2.97725272545245,25.3
-2.20666493368247,-2.07731495034655,25.3
-2.38501392979711,-1.35312503977656,25.3
-2.4544035639603,-1.02795559078264,25.3
-2.47268496853569,-0.937018552696486,25.3
-2.48924715032845,-0.841258487613306,25.3
-2.54134648394314,-0.245623281730378,25.3
-2.53757061071577,0.365701765982838,25.3
-2.51651686737188,0.726792183431298,25.3
-2.49292738736372,0.999101186185805,25.3
-2.4618516753346,1.26976764292359,25.3
-2.36929764687863,1.83518081287325,25.3
-2.24921934258715,2.39532318638243,25.3
-2.09299243618613,3.04846699753383,25.3
-1.88799028582106,3.8890484203082,25.3
-1.61996685452174,4.88080132898216,25.3
-1.34814399997065,5.68201312253261,25.3
-1.03825840933123,6.34142031982553,25.3
-0.534681881807308,6.779448049935,25.3
-0.080363553221949,6.67717239657588,25.3
0.328742757493697,6.32433191874929,25.3
0.704085228620133,5.8193618121054,25.3
1.2025110895163,4.91398894492029,25.3
1.72319427071816,3.65512452849059,25.3
1.9071434314249,3.10034386886925,25.3
2.0618358321772,2.58582778639699,25.3
2.21135715535886,2.05655559787587,25.3
2.35830473048067,1.46820459460469,25.3
2.43207390077058,1.13283597344707,25.3
2.46220453518798,0.986765945146608,25.3
2.48827442797053,0.842748701320912,25.3
2.51238710960509,0.660310865598375,25.3
2.5438798655452,0.108344727914729,25.3
2.52607773464083,-0.576636538487722,25.3
2.49790284156271,-0.939702196003675,25.3
2.4559670896495,-1.30792982500422,25.3
2.37762399466813,-1.78762948407691,25.3
2.27498520017937,-2.27809888274826,25.3
2.1419431753942,-2.84444348636335,25.3
1.94511172100365,-3.64859730422337,25.3
1.73396553075237,-4.47948084953707,25.3
1.5250726171353,-5.17664596591687,25.3
1.27489541346251,-5.86309673889647,25.3
0.996506584561437,-6.40928364040762,25.3
0.485734489657912,-6.79133681810907,25.3
0.0638816131749532,-6.67011921574856,25.3
-0.332039613926219,-6.32258423670325,25.3
-0.708041256082166,-5.81459329989399,25.3
-1.20806493921403,-4.90341167653663,25.3
-1.73617814214955,-3.61888510289401,25.3
-1.92241527104924,-3.05218711204891,25.3
-2.07811969399549,-2.53103428935211,25.3
-2.23698948932072,-1.96174674659742,25.3
-2.37889025002671,-1.37919473437991,25.3
-2.43704164724037,-1.11066810236396,25.3
-2.46479899579407,-0.975408525587957,25.3
-2.48901360016554,-0.840249553786334,25.3
-2.51742891643028,-0.614915392026536,25.3
-2.54466496288128,-0.0662322025778679,25.3
-2.52442845869373,0.608032660054374,25.3
-2.49442715166312,0.979865664284803,25.3
-2.45016875458692,1.35291083132579,25.3
-2.35234519312919,1.91840313440119,25.3
-2.2289731807555,2.48050892557666,25.3
-2.04670807024068,3.23488102773905,25.3
-1.89359615525612,3.86386122738685,25.3
-1.71122313111565,4.56615476593046,25.3
-1.3724974541001,5.61667955513334,25.3
-0.971259100363242,6.44841382475518,25.3
-0.599267530359865,6.76338528362952,25.3
-0.197229591468884,6.73596437928598,25.3
0.211693749622542,6.44684853512455,25.3
0.53087841875159,6.07293373933193,25.3
0.971814765110386,5.36098048748564,25.3
1.35817083193339,4.57359213759457,25.3
1.79821331340479,3.43232324472468,25.3
2.11680914230222,2.39337966516045,25.3
2.298906763146,1.71727495554297,25.3
2.41622356812665,1.20721643780624,25.3
2.4457269566554,1.06711663851031,25.3
2.47174889038555,0.93903000402277,25.3
2.49269312530889,0.815288866912169,25.3
2.54164250379753,0.220466571528862,25.3
2.53634328446869,-0.383302958191302,25.3
2.51523360160995,-0.737143052714536,25.3
2.49157602916533,-1.00762582225027,25.3
2.46055249847435,-1.27575919229354,25.3
2.36784910393451,-1.83989846877411,25.3
2.24759542234833,-2.40009673205341,25.3
2.0900224122343,-3.05852816472109,25.3
1.88463186127744,-3.90114413390616,25.3
1.59043845412184,-4.97588906012802,25.3
1.34334247841766,-5.69357691093237,25.3
1.06535816749676,-6.2943126564095,25.3
0.58164966278284,-6.76469965619675,25.3
0.133340052152515,-6.7041937346191,25.3
-0.281162999158862,-6.37471422472445,25.3
-0.635504581982339,-5.92299430811549,25.3
-1.11127710501044,-5.09737474715585,25.3
-1.5490187689343,-4.11944015289658,25.3
-1.93546697401906,-3.00803521817135,25.3
-2.20976254518785,-2.06626334314441,25.3
-2.39200217873886,-1.32209087992762,25.3
-2.45870411734536,-1.0072988870049,25.3
-2.49638881880128,-0.791556516700205,25.3
-2.5243424533722,-0.539759682540594,25.3
-2.54502605530431,0.000558516913672591,25.3
-2.52143359897031,0.654475759416895,25.3
-2.50596994207676,0.85437943021817,25.3
-2.48632578849937,1.06063611925309,25.3
-2.46127517241965,1.2719456688165,25.3
-2.37015457125597,1.8292354612524,25.3
-2.2504730933047,2.38858879542851,25.3
-2.09594925996491,3.03525854602252,25.3
-1.89150351004514,3.87336648159633,25.3
-1.6471446079383,4.78918265247365,25.3
-1.29351427254802,5.82087581228272,25.3
-1.00608627008662,6.39621450950688,25.3
-0.697210468888707,6.71899651844777,25.3
-0.291820845446922,6.76828636965245,25.3
0.127742625030893,6.52439771741168,25.3
0.476805228687042,6.14490634559998,25.3
0.902886666331301,5.48541450220789,25.3
1.30678536578069,4.68809988327949,25.3
1.77474175240659,3.50235254697218,25.3
2.04327386561555,2.64636199553657,25.3
2.24312787354476,1.93559782695028,25.3
2.38197053293118,1.36305105691764,25.3
2.43777786598445,1.10484811166394,25.3
2.46507865456156,0.971772251053426,25.3
2.48892845653426,0.838191104365489,25.3
2.52052435330673,0.578190014026226,25.3
2.54449475713065,0.0340999337671742,25.3
2.52265232394877,-0.629415124258472,25.3
2.49088120398625,-1.01213364718492,25.3
2.4441497082202,-1.39240735956128,25.3
2.34484565119864,-1.95326497360803,25.3
2.22628684650536,-2.490294047777,25.3
2.04091733258189,-3.25688673551288,25.3
1.88916185581418,-3.88085632399354,25.3
1.70888697825124,-4.57334364894138,25.3
1.37011624420828,-5.62224714377113,25.3
0.968511060955569,-6.45226269962613,25.3
0.600589130081497,-6.76274582613977,25.3
0.198797411690829,-6.73648374458644,25.3
-0.210226181127925,-6.44818821754518,25.3
-0.528601300377105,-6.0759589652294,25.3
-0.968737659196627,-5.36655203151811,25.3
-1.35549282798021,-4.5795712106009,25.3
-1.79674453113321,-3.43667081547304,25.3
-2.11616447988858,-2.39558730884295,25.3
-2.29809180346667,-1.72056871200671,25.3
-2.41520850088426,-1.2119298369621,25.3
-2.47072970853214,-0.944158894614913,25.3
-2.51246911000414,-0.66100927689951,25.3
-2.54393882535318,-0.114786480459317,25.3
-2.5271107828676,0.562158094772503,25.3
-2.49973834560525,0.921550149868847,25.3
-2.45881412866759,1.28769032062851,25.3
-2.37785116596459,1.78713841087525,25.3
-2.26103558570289,2.34067787006485,25.3
-2.11806613749417,2.94331401536351,25.3
-1.91741141416347,3.76428217128771,25.3
-1.69731865894188,4.61215592399564,25.3
-1.43881484268362,5.4316096765797,25.3
-1.05154611547623,6.31614503702417,25.3
-0.697721070767469,6.71267482458301,25.3
-0.277052019534659,6.76058090375511,25.3
0.144910931039553,6.50685347250515,25.3
0.48917264870211,6.12694160193113,25.3
0.918588773491082,5.45612811232098,25.3
1.31715669826483,4.66426126049948,25.3
1.78213264830568,3.4798462698171,25.3
2.05300039200495,2.61217554073741,25.3
2.25321431375227,1.8963103535467,25.3
2.38516841616515,1.34802767767002,25.3
2.44050107957069,1.09112063574507,25.3
2.46715678200187,0.960791714675001,25.3
2.49044862388596,0.827936784414777,25.3
2.54058232241039,0.244645610821358,25.3
2.53775138445235,-0.340990984805779,25.3
2.51311585067357,-0.760592530326545,25.3
2.4855950536704,-1.06264835369509,25.3
2.44898895200225,-1.35827934250244,25.3
2.3528992646517,-1.91353406759385,25.3
2.22992163360651,-2.47465723021769,25.3
2.04943708294921,-3.22218562892965,25.3
1.89560547644593,-3.853978526935,25.3
1.71210011771027,-4.56164416201475,25.3
1.38489569371626,-5.58236983853882,25.3
0.986167232468233,-6.42429718880336,25.3
0.590497670752491,-6.76573970352803,25.3
0.187023231718245,-6.73132648944707,25.3
-0.221023953097159,-6.43747475814888,25.3
-0.545160356354307,-6.05321245610855,25.3
-0.990955174050672,-5.32572692429325,25.3
-1.37500768591074,-4.53553293361215,25.3
-1.82877753327937,-3.340815026394,25.3
-2.15070169814556,-2.27723676913918,25.3
-2.35879499081803,-1.4664675547027,25.3
-2.45329531589029,-1.03109187043774,25.3
-2.47485247878004,-0.923074151713063,25.3
-2.49396471227367,-0.807400443005177,25.3
-2.54463223177401,-0.0653520373827775,25.3
-2.5138664641306,0.756229521906583,25.3
-2.48976405883928,1.02684130557796,25.3
-2.45833793346958,1.29348893729097,25.3
-2.36512697885326,1.85450618478006,25.3
-2.24436303966411,2.41467581025602,25.3
-2.08265958133734,3.08903265372279,25.3
-1.87598294583478,3.93786401730322,25.3
-1.57552822462394,5.02445541949258,25.3
-1.33735820985949,5.70975066780318,25.3
-1.07090263592768,6.28520357646978,25.3
-0.562310664074255,6.77056977031371,25.3
-0.108288618703738,6.69134542015202,25.3
0.304634479648957,6.34977503377881,25.3
0.669589656257344,5.87187947240744,25.3
1.15655499936879,5.0074208949379,25.3
1.62776604593109,3.91592908099084,25.3
1.96512616545225,2.91189095805711,25.3
2.21036395005706,2.06292968829884,25.3
2.37424026109243,1.40060474048456,25.3
2.44418583960415,1.07705958630069,25.3
2.46000699377864,0.999843194802575,25.3
2.47468110775817,0.925504787110255,25.3
2.49057886638606,0.831672634515651,25.3
2.5409741375119,0.252330450767115,25.3
2.53788534836801,-0.354229608777182,25.3
2.51624563518965,-0.728402595814937,25.3
2.49218034743818,-1.00514279166231,25.3
2.46039370254523,-1.27972823385103,25.3
2.36742296877567,-1.84399723775776,25.3
2.24701420571668,-2.4042197476349,25.3
2.08831773298899,-3.06691171557198,25.3
1.88255580332651,-3.91118017394689,25.3
1.55656560785396,-5.08457361582562,25.3
1.31401541836771,-5.76975480936653,25.3
1.04323177607226,-6.33445259875559,25.3
0.53521314492834,-6.77973364970204,25.3
0.0798972462098018,-6.67715923471868,25.3
-0.329506166440509,-6.32366274120064,25.3
-0.705228801739495,-5.81770479430351,25.3
-1.20406946272147,-4.91084922032291,25.3
-1.72692624010958,-3.64462839081393,25.3
-1.91147587392713,-3.08663637385471,25.3
-2.06641793840063,-2.57026931565126,25.3
-2.21684247251684,-2.03634100006379,25.3
-2.36279398132203,-1.44884604562802,25.3
-2.43171770285127,-1.1347238687439,25.3
-2.46145631621061,-0.990653875403868,25.3
-2.48726013087334,-0.849334435056172,25.3
-2.51026310968595,-0.679679950895798,25.3
-2.54362114455257,-0.127293199130955,25.3
-2.52705341308388,0.561028562893358,25.3
-2.49977174550244,0.919784974985633,25.3
-2.45897823262547,1.28544302300043,25.3
-2.38040189204718,1.77293077448836,25.3
-2.26439798041668,2.32523473150632,25.3
-2.12496722000132,2.91444350514406,25.3
-1.92551186354089,3.73011835011744,25.3
-1.70818721397674,4.57270065096126,25.3
-1.46790307434064,5.34737122335734,25.3
-1.1845485415949,6.06678220985436,25.3
-0.870288627307444,6.57767970545386,25.3
-0.582772096224771,6.76773762801838,25.3
-0.177744787912375,6.72702945335147,25.3
0.229557130176445,6.42884819277938,25.3
0.558123503243175,6.03513279400708,25.3
1.00829655426351,5.29354355562756,25.3
1.39283474215582,4.49482024678812,25.3
1.65464849182719,3.83996655369164,25.3
-17,10.3,10.3
-15.6399810279036,10.3004342818913,10.3
-11.2912145498918,10.3078628211847,10.3
-8.74387676134783,10.2882118199034,10.3
-7.47556237878212,10.2210584165423,10.3
-6.51546528061217,10.0974124688395,10.3
-5.57940951527331,9.70251945777011,10.3
-5.04929890614269,9.35529820711161,10.3
-4.53912159603847,8.99944520694484,10.3
-3.29369960901629,8.2069829179398,10.3
-2.90452589227184,7.9681985748954,10.3
-2.52476792887842,7.8357363469751,10.3
-2.08945783428858,7.84753894035386,10.3
-1.65073829413947,7.92350616068049,10.3
-1.1686761975703,7.91507178494333,10.3
-0.280234432200675,7.4826468702437,10.3
0.438373904426937,6.59769470241139,10.3
1.05753564207811,5.45144044863221,10.3
1.50830435784995,4.39132791590419,10.3
1.93083056052466,3.14153959323541,10.3
2.22407306562678,2.10357524385028,10.3
2.40157641778328,1.35868562923964,10.3
2.47358916285077,1.00958593370708,10.3
2.49407053894238,0.900577900004298,10.3
2.51213172353201,0.782814418497188,10.3
2.55843256347473,0.0378196766665105,10.3
2.52662150031994,-0.772807051300162,10.3
2.50059622395792,-1.06061101053644,10.3
2.46644336066908,-1.34164951208831,10.3
2.37216355396699,-1.89481936806218,10.3
2.25030914586843,-2.45283182841771,10.3
2.07656670825739,-3.17088884997741,10.3
1.86555079728612,-4.03469124809148,10.3
1.63202230544925,-4.88147646300657,10.3
1.357545751795,-5.68796658068417,10.3
1.0444297065645,-6.3505129757526,10.3
0.522807532624856,-6.79168224729241,10.3
0.0629114613856758,-6.67314547769423,10.3
-0.346239214289052,-6.30911705774442,10.3
-0.72970812318754,-5.78212795705498,10.3
-1.23749828880242,-4.84296083740979,10.3
-1.81565152380951,-3.38740574126445,10.3
-2.18709082464421,-2.15555723914317,10.3
-2.40662470917763,-1.26016733969329,10.3
-2.44822606862196,-1.06322179334447,10.3
-2.47217314623854,-0.944971116394708,10.3
-2.49327914901497,-0.821376387272844,10.3
-2.54288749097795,-0.225199424602217,10.3
-2.53798847508918,0.377334168009404,10.3
-2.5167367518258,0.736061234990511,10.3
-2.49300194256239,1.00788033894251,10.3
-2.4618375723443,1.27726872356974,10.3
-2.36914997292528,1.84106034402253,10.3
-2.24889932155276,2.40099322652118,10.3
-2.09114095277977,3.05985332586049,10.3
-1.88561011533243,3.90252155159379,10.3
-1.58884307904845,4.98483337914247,10.3
-1.34346503439139,5.69621442645045,10.3
-1.06770590266126,6.29219583259829,10.3
-0.580711619975652,6.76595325177282,10.3
-0.131603015859951,6.70393271464132,10.3
0.283007139002383,6.37319434274539,10.3
0.638281345723419,5.91919534008537,10.3
1.11504949643919,5.09026920904582,10.3
1.55677772314835,4.10004491769393,10.3
1.93725973736617,3.00242098024612,10.3
2.20828232924866,2.07170890514188,10.3
2.39054056619584,1.32862821980422,10.3
2.45813237417467,1.01004226281648,10.3
2.47790932886652,0.908818183938294,10.3
2.49552890888894,0.799719141805811,10.3
2.54452067703041,0.111478268512911,10.3
2.51796044667791,-0.707502807993912,10.3
2.49899455730505,-0.935645920155062,10.3
2.47469526982968,-1.16637760382029,10.3
2.42202336221163,-1.54073030155934,10.3
2.31756586917927,-2.08624965989247,10.3
2.21026575145819,-2.56117274104103,10.3
2.02462601942864,-3.32547179365673,10.3
1.87620052161477,-3.93703237650449,10.3
1.70117987487437,-4.60289635326891,10.3
1.36178262717183,-5.6459347211227,10.3
0.958626905383465,-6.46854376044392,10.3
0.602410836315929,-6.76320836377118,10.3
0.200778731314382,-6.73801229993815,10.3
-0.208531605128819,-6.45033027459622,10.3
-0.526057631913079,-6.07979053754509,10.3
-0.965398205908775,-5.37290663331343,10.3
-1.35262623963538,-4.58618684132198,10.3
-1.79565561268407,-3.44004583388652,10.3
-2.11614886386228,-2.39574115669423,10.3
-2.29814221785785,-1.72044953895065,10.3
-2.41526430405941,-1.21174879407834,10.3
-2.47078729931928,-0.943946381196177,10.3
-2.51252158271354,-0.660669079426459,10.3
-2.54395863448492,-0.114438281624314,10.3
-2.52710717316937,0.562466979174674,10.3
-2.49971735923566,0.921946125954616,10.3
-2.45877092403729,1.28813795071392,10.3
-2.37726015654933,1.79033471122437,10.3
-2.26026046480273,2.34416245458503,10.3
-2.1164746608736,2.94990378243388,10.3
-1.91554720351672,3.77208917757669,10.3
-1.69480686964742,4.62121047501266,10.3
-1.43149932782093,5.45243755038678,10.3
-1.04279271049373,6.33098380941349,10.3
-0.679240242720057,6.72333457390723,10.3
-0.256759778073313,6.75465997346899,10.3
0.163909104367038,6.48986393117092,10.3
0.501009011984917,6.11144174621729,10.3
0.933685131038828,5.42906951326013,10.3
1.32761667537369,4.6410796726541,10.3
1.78750347235441,3.46384948574077,10.3
2.05860137652947,2.59262642249732,10.3
2.25839005044077,1.87609782242232,10.3
2.38705375424698,1.33928626144492,10.3
2.4423875467948,1.08178945498665,10.3
2.46886435023774,0.952031995643938,10.3
2.49196006573634,0.8178204490278,10.3
2.5408161603195,0.236767124335676,10.3
2.53732088308787,-0.351501587892367,10.3
2.51385668756974,-0.750756629312339,10.3
2.48826710752404,-1.03727134532708,10.3
2.45447489644998,-1.31886955128828,10.3
2.36004320670309,-1.87795951098124,10.3
2.23838207061376,-2.43853043437936,10.3
2.06958272505314,-3.14047763259277,10.3
1.86078396659924,-3.99991434077976,10.3
1.59223302682353,-4.97104129017723,10.3
1.34337059542902,-5.6942315988683,10.3
1.06316822254314,-6.29863806290037,10.3
0.574115617215553,-6.76741476296094,10.3
0.124424484394475,-6.69993457736585,10.3
-0.289358093771511,-6.36622802384641,10.3
-0.647470395818072,-5.90531913375457,10.3
-1.12720692536705,-5.06617227942406,10.3
-1.57735654903986,-4.04750471279233,10.3
-1.94375506218688,-2.98144365094594,10.3
-2.20671880570073,-2.07714457594323,10.3
-2.3858880100475,-1.34922978454166,10.3
-2.45506663315193,-1.02473930859811,10.3
-2.47358145604859,-0.932249972353444,10.3
-2.49031174455469,-0.834407354825705,10.3
-2.54200988270315,-0.224465663256295,10.3
-2.53624830755719,0.396767255075267,10.3
-2.51478896051791,0.749481023008554,10.3
-2.49085012328247,1.02007417150187,10.3
-2.4595743480883,1.2872499283226,10.3
-2.3665725014101,1.84926784443248,10.3
-2.2460062309215,2.40935679381913,10.3
-2.08584461329078,3.07767478637574,10.3
-1.87962033621058,3.92412143942088,10.3
-1.58037816282095,5.00981735290216,10.3
-1.33989523626526,5.7038198536142,10.3
-1.07043447531522,6.28637935463205,10.3
-0.571549072178059,6.76810192310353,10.3
-0.119816270452402,6.6975183904675,10.3
0.293984392282028,6.36127524467901,10.3
0.654212071546045,5.8951897793752,10.3
1.13615634144696,5.04835973437979,10.3
1.59212403402889,4.00939525813378,10.3
1.94932746733228,2.96339945993205,10.3
2.20683678847753,2.07649982246004,10.3
2.38229249281575,1.36515608686302,10.3
2.45218336466271,1.03864363530845,10.3
2.46977851850684,0.951742063588334,10.3
2.48583104785358,0.862138899846006,10.3
2.53890701774886,0.308487549015166,10.3
2.54083222972573,-0.273708432094143,10.3
2.4964819891056,-0.961543869811232,10.3
2.42067573581137,-1.54841380573845,10.3
2.33771657749707,-1.99077299497392,10.3
2.23353498329724,-2.46177723445087,10.3
2.05118553381333,-3.21745352420295,10.3
1.89688482722316,-3.85090880711411,10.3
1.71269091512934,-4.56123101061717,10.3
1.39132708307368,-5.56613097945753,10.3
0.993806092927395,-6.4127909261073,10.3
0.581992955883081,-6.76898679703222,10.3
0.176966246732583,-6.72735334346256,10.3
-0.230325882746878,-6.42854757133288,10.3
-0.559356443673954,-6.03377212070928,10.3
-1.01002769667902,-5.2905705773518,10.3
-1.39491830568939,-4.49020667379239,10.3
-1.85007756400426,-3.27606591766427,10.3
-2.16999136617889,-2.21027797602602,10.3
-2.3979310424188,-1.29357366274719,10.3
-2.44241301263588,-1.08508349583828,10.3
-2.4676867437562,-0.961252890539275,10.3
-2.48992179671332,-0.835202664664629,10.3
-2.54121393806535,-0.242068318991618,10.3
-2.53793438732719,0.350398745090773,10.3
-2.51489423867857,0.744841812701257,10.3
-2.48967012936432,1.02930593345545,10.3
-2.45634617588332,1.30949517443175,10.3
-2.36228970741238,1.86972398545258,10.3
-2.24094415078342,2.43011621146605,10.3
-2.0747116096185,3.1219771734175,10.3
-1.86664925706379,3.97753238832209,10.3
-1.54362189249857,5.12575341961059,10.3
-1.29688955044718,5.8135067377193,10.3
-1.02176888836874,6.37126579211887,10.3
-0.512480486160475,6.78661940813677,10.3
-0.0561402717884275,6.66468214738578,10.3
0.350077240530416,6.30171976620581,10.3
0.734374771301554,5.77240958151461,10.3
1.24299629725236,4.82986896506552,10.3
1.82945911671329,3.34512795150248,10.3
2.1927264024433,2.13502140910684,10.3
2.41131242014377,1.23874065552467,10.3
2.45051882716366,1.05231574696788,10.3
2.47375001723604,0.93729724045862,10.3
2.49425706096928,0.815563494534188,10.3
2.54322250418604,0.217185136899973,10.3
2.53753006931499,-0.390403585219092,10.3
2.51673985054656,-0.737354186651184,10.3
2.4933585535666,-1.00530742468051,10.3
2.46275554189272,-1.27104872488337,10.3
2.37036119598287,-1.83538765049199,10.3
2.25032810291317,-2.39524984311483,10.3
2.09416100928053,-3.04796098791097,10.3
1.88911667454556,-3.88832255950753,10.3
1.62253329374973,-4.87517030096885,10.3
1.34871782743448,-5.68266169318404,10.3
1.03626748080082,-6.34615195769635,10.3
0.527455347896606,-6.78191938524373,10.3
0.0716246881894437,-6.67271078875602,10.3
-0.336722455843431,-6.31588221709025,10.3
-0.715468435592195,-5.80180589230822,10.3
-1.21771502371398,-4.88260183421616,10.3
-1.76265650178459,-3.54228004572831,10.3
-2.16561469247985,-2.22915947979451,10.3
-2.38216528279941,-1.36739114748332,10.3
-2.46922516350343,-0.956216080364145,10.3
-2.52596208740986,-0.526085163363632,10.3
-2.54551305431161,0.00429490664781129,10.3
-2.52270243525597,0.6431677306833,10.3
-2.50789476108187,0.837753987341435,10.3
-2.48911848512993,1.03898318234642,10.3
-2.4646640022077,1.24990526672559,10.3
-2.37429037752497,1.81065542541955,10.3
-2.25529216257065,2.3699464310202,10.3
-2.10570745206357,2.99755085751216,10.3
-1.90279319647509,3.82841144663483,10.3
-1.67724026790258,4.68660991846157,10.3
-1.36795062702189,5.62947980345187,10.3
-0.966566712402848,6.45616124571865,10.3
-0.600436196059244,6.76343129130451,10.3
-0.198538514663427,6.73679575186883,10.3
0.210540664984518,6.44817252813328,10.3
0.529130291419501,6.07546477294264,10.3
0.969497693007278,5.36532008961612,10.3
1.35616603453888,4.5781701702594,10.3
1.7968143778005,3.43653326885023,10.3
2.11590813102891,2.39652272511309,10.3
2.29772556622927,1.72209888703527,10.3
2.41475211502734,1.21409419917361,10.3
2.47026732100319,0.946509263422145,10.3
2.51206664064504,0.664616066621599,10.3
2.54387745853643,0.118400679542427,10.3
2.52729062312212,-0.559032437597315,10.3
2.50009596209443,-0.917559228070226,10.3
2.45939923080289,-1.28318344660732,10.3
2.38338709746149,-1.75769363272233,10.3
2.26826555337955,-2.30863843606482,10.3
2.13252995108701,-2.88381944574829,10.3
1.93433491526667,-3.69390118363603,10.3
1.7198401116474,-4.53103286826918,10.3
1.49514207476494,-5.26725108422797,10.3
1.23395529188183,-5.96177469522237,10.3
0.944040832618621,-6.49150288698415,10.3
0.648216756160105,-6.74642409024378,10.3
0.253910803091207,-6.75843907685304,10.3
-0.15929829814104,-6.49721733859476,10.3
-0.49480588996688,-6.12202205403858,10.3
-0.925797472380824,-5.44495494234992,10.3
-1.32242064437404,-4.65381953935312,10.3
-1.78284395054555,-3.47845409496651,10.3
-2.05167438124307,-2.61729113708919,10.3
-2.25089839488246,-1.90563854589766,10.3
-2.38452560295718,-1.35133116704982,10.3
-2.43985612997157,-1.09461993799354,10.3
-2.46666156058564,-0.963649281631686,10.3
-2.49008630281047,-0.830769136399133,10.3
-2.54056017903868,-0.247337451432271,10.3
-2.53796840299737,0.33706918185712,10.3
-2.51273547658506,0.766335635063689,10.3
-2.48396098551383,1.07839645791115,10.3
-2.44550997108585,1.38304647177671,10.3
-2.34835608422976,1.93617440351046,10.3
-2.22644107948062,2.48967869554879,10.3
-2.04054950368563,3.25842477443054,10.3
-1.88887174909494,3.88210419237261,10.3
-1.70872013076358,4.57397361904345,10.3
-1.36993813342299,5.62274739038586,10.3
-0.96830052406034,6.45260661738729,10.3
-0.600649758019962,6.76274283180167,10.3
-0.198865940035895,6.73652354909637,10.3
0.210165145075276,6.44825560472238,10.3
0.528508287059971,6.076091404908,10.3
0.968613894311181,5.36678216328841,10.3
1.35538586737747,4.5798142425453,10.3
1.79670868444023,3.43677989195327,10.3
2.11617059605405,2.39556800384973,10.3
2.29810281931,1.72052552835521,10.3
2.41522201726073,1.21186832747009,10.3
2.47074344098394,0.944091573092235,10.3
2.51248113291713,0.660905430064228,10.3
2.54394102416374,0.114682437599536,10.3
2.52710606406109,-0.562247977258275,10.3
2.49972851604056,-0.921664961604413,10.3
2.45879776069049,-1.28781998477648,10.3
2.37767664333782,-1.78806149455424,10.3
2.26080778439064,-2.34168469268822,10.3
2.11760277390084,-2.94521734906352,10.3
1.91686947348857,-3.76653730731711,10.3
1.69659012723244,-4.61477152922656,10.3
1.43672712027737,-5.43755835441851,10.3
1.04904887907782,-6.32038537865502,10.3
0.692528978407517,-6.71573504936828,10.3
0.271367506127147,-6.7589742380959,10.3
-0.150239393558673,-6.50212364843673,10.3
-0.492543989453289,-6.12253488185015,10.3
-0.92290117324773,-5.44841526249535,10.3
-1.32012416615189,-4.65769206096539,10.3
-1.78368382033774,-3.47522750144015,10.3
-2.05464293252538,-2.60644675818511,10.3
-2.25474631973457,-1.89033935945974,10.3
-2.38568208652207,-1.3456401430878,10.3
-2.44101594461486,-1.08856874469706,10.3
-2.46756193340206,-0.958698943717037,10.3
-2.49075617428417,-0.825854306113873,10.3
-2.54063749911353,-0.242659460693295,10.3
-2.53762933372949,0.343897894408168,10.3
-2.51338684316176,0.756978280684335,10.3
-2.48665421789096,1.05264509393778,10.3
-2.4512050125803,1.34249656188745,10.3
-2.35578823844727,1.89920317243919,10.3
-2.23334136515105,2.46007759302819,10.3
-2.05771475177173,3.18861585901803,10.3
-1.84691174908431,4.05796566044222,10.3
-1.63687589621308,4.8260597820498,10.3
-1.28487738998521,5.8438979700452,10.3
-0.931412833194272,6.51203222599559,10.3
-0.61284077327362,6.76331995146161,10.3
-0.212344481744184,6.74515492775682,10.3
0.198330720574393,6.46190455771746,10.3
0.517414177308917,6.09279437840325,10.3
0.954429447112944,5.39377469230093,10.3
1.34336616268613,4.60755337978472,10.3
1.79201998105096,3.45132968539721,10.3
2.05953301520355,2.59000604755366,10.3
2.2572728493812,1.88082782308733,10.3
2.38661012178656,1.34166630766786,10.3
2.44194903147649,1.08426980712272,10.3
2.46831015462626,0.955157134383892,10.3
2.49133952798442,0.822314671205286,10.3
2.54078884200333,0.239278309378602,10.3
2.5374778032595,-0.348863577990148,10.3
2.51382431987152,-0.751881383247838,10.3
2.48807320990349,-1.03964575994495,10.3
2.45405102258951,-1.32235713696561,10.3
2.35948083872894,-1.88106039118289,10.3
2.2377068276949,-2.44165997249015,10.3
2.06794052180848,-3.14735502711868,10.3
1.85885175308265,-4.00819828135715,10.3
1.60298805022444,-4.93652844873945,10.3
1.34606361199219,-5.68748206519368,10.3
1.05547239428977,-6.31210205438033,10.3
0.56749391398986,-6.76984956325197,10.3
0.117734325282265,-6.69678675826649,10.3
-0.29519856585525,-6.36022444569206,10.3
-0.655949753881935,-5.89276030762086,10.3
-1.13850672481256,-5.04379298943396,10.3
-1.59603572932823,-3.99932483012909,10.3
-1.95089904733382,-2.95836029009053,10.3
-2.20699885732011,-2.07589385797697,10.3
-2.3813434720773,-1.3693938315965,10.3
-2.45137524850015,-1.04257736960796,10.3
-2.46874941374947,-0.956873414390929,10.3
-2.48463450466844,-0.869275605281397,10.3
-2.53797283978202,-0.329184629082385,10.3
-2.54170935744557,0.243578679789103,10.3
-2.50026734200008,0.920750121813872,10.3
-2.38396678998707,1.75556239404233,10.3
-2.23894885374102,2.43819236179242,10.3
-2.08465312211541,3.08096012725752,10.3
-1.87919392303686,3.92445432496338,10.3
-1.57971790482622,5.01093195528981,10.3
-1.33946804976201,5.70415136056899,10.3
-1.0703045858894,6.28609129126105,10.3
-0.570827998992355,6.7680509731489,10.3
-0.118980449040466,6.6969183934663,10.3
0.294719190857351,6.36037557705867,10.3
0.655255900402113,5.89353339793314,10.3
1.13751932664721,5.0455837289541,10.3
1.59443624090826,4.0033591876021,10.3
1.95025692959356,2.96035702274597,10.3
2.20693331506153,2.07609052402613,10.3
2.38172877540658,1.3676313711266,10.3
2.45169431281775,1.04098439964772,10.3
2.46915454389296,0.954814423231371,10.3
2.48510484931896,0.866430145975611,10.3
2.53834106938126,0.321029790388136,10.3
2.54136795501773,-0.255434100599078,10.3
2.49878729887817,-0.936788445622113,10.3
2.4170461343279,-1.56947812466819,10.3
2.33071600436447,-2.02327625898844,10.3
2.22197446361421,-2.5104856720916,10.3
2.03755308866585,-3.27212634717086,10.3
1.88658930536623,-3.89304715037572,10.3
1.70756519026523,-4.57927603053413,10.3
1.36869229098082,-5.62690071660714,10.3
0.966790466680964,-6.45544755786543,10.3
0.600813855665955,-6.76305751489795,10.3
0.199010267460279,-6.73682760530027,10.3
-0.210076588513283,-6.44851128587418,10.3
-0.528397039707826,-6.07637326722571,10.3
-0.968492600090645,-5.36709419568461,10.3
-1.35528873677436,-4.58009631829313,10.3
-1.79660130938258,-3.43714222359938,10.3
-2.11607155910625,-2.39594094571641,10.3
-2.29797023915612,-1.72109045567454,10.3
-2.41505588221954,-1.21266632319017,10.3
-2.47057519124327,-0.944956556592236,10.3
-2.51233499653976,-0.662232120554574,10.3
-2.54392017455082,-0.116008502360886,10.3
-2.527173372138,0.561105512295855,10.3
-2.49986087217001,0.920206441594983,10.3
-2.45901334668554,1.2861730126063,10.3
-2.37983143939856,1.77667265103476,10.3
-2.26361940962506,2.32927177953703,10.3
-2.12328344258958,2.92189481661333,10.3
-1.92351316695777,3.7389182508936,10.3
-1.70548755745859,4.58280681528823,10.3
-1.46088879271248,5.36809348495048,10.3
-1.17049869923171,6.09588259160062,10.3
-0.848465611190608,6.60004792267376,10.3
-0.554960673122116,6.77463446427053,10.3
-0.147744169770568,6.71265888650771,10.3
0.256147444686668,6.40165087297015,10.3
0.59788323513552,5.97862384879486,10.3
1.06132939064514,5.19372212570874,10.3
1.46306560843734,4.33026849198643,10.3
1.89598297298571,3.1333701819148,10.3
2.19874084609613,2.10732527509043,10.3
2.41949269831354,1.1962260537666,10.3
2.45611056718778,1.02070761559278,10.3
2.48118953710834,0.890948023200425,10.3
2.50271696487172,0.748345072484919,10.3
2.54332847191251,0.180524796346297,10.3
2.52904457594283,-0.540591119997235,10.3
2.50299343716892,-0.893053521191818,10.3
2.46381085680913,-1.25468984411641,10.3
2.40603406679239,-1.63604180412598,10.3
2.29773286534367,-2.17856298437604,10.3
2.18423195295983,-2.67153606411303,10.3
1.99464059912979,-3.44821424848095,10.3
1.85047412434229,-4.04256767185718,10.3
1.682418069929,-4.66976560411801,10.3
1.34088735615813,-5.70147061133895,10.3
1.03967411922449,-6.33965621977667,10.3
0.712946677814943,-6.70631553749219,10.3
0.297550365047571,-6.76782897479899,10.3
-0.124921838736462,-6.52555483003255,10.3
-0.476010376503799,-6.14497717221823,10.3
-0.901814846655906,-5.48663528616279,10.3
-1.3059310918521,-4.68950593926593,10.3
-1.77513757272907,-3.50090375676901,10.3
-2.04451598937394,-2.64186628466164,10.3
-2.24472269531535,-1.92932799096711,10.3
-2.38318078122245,-1.35750635467802,10.3
-2.4384830767517,-1.10134655768663,10.3
-2.46558182809796,-0.969153314493449,10.3
-2.48926286218081,-0.836022097977042,10.3
-2.52487083293468,-0.527499297928934,10.3
-2.54455853747977,0.00840013847715815,10.3
-2.52091713802797,0.655094552738501,10.3
-2.5053948775663,0.855475114569491,10.3
-2.48567083679869,1.06219949790018,10.3
-2.46055385608361,1.27365377352989,10.3
-2.36934494501748,1.83076716743724,10.3
-2.24959201124238,2.39021531279847,10.3
-2.09460285066052,3.0387701460043,10.3
-1.89004048311088,3.87761048844514,10.3
-1.63996909108624,4.8120101280498,10.3
-1.28488722063104,5.84132920466227,10.3
-0.928426746444851,6.51491218491679,10.3
-0.612849591824717,6.76261357890872,10.3
-0.212427289515244,6.74472323143772,10.3
0.198174372340321,6.46173357234212,10.3
0.517241500809393,6.09277922787561,10.3
0.954150172201079,5.39410901069985,10.3
1.34311253481776,4.60799790623095,10.3
1.79210551707467,3.45099797203277,10.3
2.05984883587029,2.5888492813807,10.3
2.25768382258977,1.87918634190874,10.3
2.38676572784177,1.34091472118703,10.3
2.44210431351927,1.08347265554527,10.3
2.46849612804308,0.954181352332145,10.3
2.49154209122375,0.820936545322148,10.3
2.54080881795311,0.238485308359529,10.3
2.53743863886968,-0.349721382771057,10.3
2.51385126861025,-0.751459165527298,10.3
2.48815691538799,-1.03879520826032,10.3
2.45421501821942,-1.32112616138551,10.3
2.35969430397412,-1.8799645640118,10.3
2.23796053768758,-2.44055147445075,10.3
2.06853771474005,-3.14491202450842,10.3
1.85955108198763,-4.00525361509047,10.3
1.59944414700534,-4.94796089548539,10.3
1.34537625553235,-5.68920635734986,10.3
1.05846320812338,-6.30689851987558,10.3
0.571874391409145,-6.76837588234887,10.3
0.122569048449312,-6.69916519701665,10.3
-0.290864440224547,-6.36475535155966,10.3
-0.649661275769486,-5.9021364761817,10.3
-1.13014001145101,-5.0604128915999,10.3
-1.5821218714389,-4.03529188885763,10.3
-1.94548219128277,-2.97589053052587,10.3
-2.20665983776192,-2.07731915102424,10.3
-2.38473564496832,-1.35435984218392,10.3
-2.45418666155342,-1.02900305628873,10.3
-2.47239492080719,-0.938553800368707,10.3
-2.48890423671751,-0.843448167865452,10.3
-2.5411240013612,-0.252295710892247,10.3
-2.53796727606218,0.355916277097842,10.3
-2.51649455270323,0.727113352884663,10.3
-2.49256868649379,1.00277504691061,10.3
-2.46097744692452,1.27648060393369,10.3
-2.36813940546186,1.84115275371071,10.3
-2.24783951963326,2.40133286455423,10.3
-2.08995594889146,3.06085920168112,10.3
-1.88443884348721,3.90386792979348,10.3
-1.58314129704057,5.00069118920345,10.3
-1.34060341879947,5.70175578538498,10.3
-1.06852465208693,6.28956549757465,10.3
-0.571460626634032,6.7681212875933,10.3
-0.120083194670225,6.69765103047344,10.3
0.293639595681803,6.36163923762461,10.3
0.653703379402489,5.89595146409029,10.3
1.1354794641646,5.04970709074612,10.3
1.59099161877786,4.01232821417673,10.3
1.94887877093553,2.96485321844635,10.3
2.20679847577967,2.07665597495024,10.3
2.38256869669947,1.36393305523506,10.3
2.45241693434453,1.03751656279301,10.3
2.4700784622213,0.950255609628026,10.3
2.48618116909822,0.860053459394453,10.3
2.53917481135221,0.302339416419585,10.3
2.54055564393085,-0.28267801185939,10.3
2.49533043790166,-0.973704754394943,10.3
2.40236688176177,-1.65625999009833,10.3
2.28665655195893,-2.22829095091502,10.3
2.16758278004417,-2.74054583393399,10.3
1.97536161479022,-3.52651440402106,10.3
1.8252845814107,-4.14063847715041,10.3
1.65044685184234,-4.77808064112112,10.3
1.30348699013968,-5.795981416993,10.3
1.02091874921166,-6.37207824824437,10.3
0.71691032420004,-6.70586877943323,10.3
0.306552058378613,-6.77127278476713,10.3
-0.115451060978693,-6.53451444065129,10.3
-0.469344502184784,-6.15420568508173,10.3
-0.893260907378613,-5.50220755932552,10.3
-1.30033713543588,-4.70212669573063,10.3
-1.77129396299575,-3.51247501089395,10.3
-2.03961915490022,-2.65895547055805,10.3
-2.23969715587682,-1.9487301222555,10.3
-2.37920785568372,-1.37536367401399,10.3
-2.43620549432775,-1.11234830463932,10.3
-2.46395202085375,-0.977338774008115,10.3
-2.488173274621,-0.842754145013715,10.3
-2.51535372361448,-0.631326545987268,10.3
-2.54411458041932,-0.0814267454041346,10.3
-2.52473102119989,0.596754110953696,10.3
-2.49538575651371,0.965402389103475,10.3
-2.45195379404413,1.33695340717636,10.3
-2.35463288280386,1.90482534999006,10.3
-2.23173355735195,2.46684661692715,10.3
-2.05413075533131,3.20306649524997,10.3
-1.89556390749254,3.85413576382023,10.3
-1.70531337925921,4.58577996845064,10.3
-1.37548476993968,5.6076897522168,10.3
-0.975060874228399,6.44186985123156,10.3
-0.597874316735812,6.76338995938885,10.3
-0.195658754099129,6.73500751323454,10.3
0.213085398255594,6.44528040965059,10.3
0.532990197466643,6.06989634302661,10.3
0.97461811799371,5.35574172324512,10.3
1.36060567595544,4.56803929750275,10.3
1.80277418533818,3.41872394277933,10.3
2.12189457402491,2.3757905080934,10.3
2.30588361772368,1.68883291724934,10.3
2.42503176364475,1.16596644570644,10.3
2.45476118378639,1.02318618115011,10.3
2.48076760371714,0.888786868878337,10.3
2.49954906193848,0.766400132939289,10.3
2.54275254622132,0.174366798688781,10.3
2.525601716258,-0.585706880477082,10.3
2.497098358914,-0.949228784796163,10.3
2.45484078257649,-1.31703468638219,10.3
2.36343320810132,-1.86145487847554,10.3
2.24043049466555,-2.43030416160097,10.3
2.07562246509064,-3.11644199924304,10.3
1.86791014656426,-3.97054548446303,10.3
1.51768745695942,-5.20399595067938,10.3
1.26166271672697,-5.89907691964229,10.3
0.976791875407897,-6.44304365248649,10.3
0.562236029952899,-6.77679300909247,10.3
0.153682809269342,-6.71815684599383,10.3
-0.251795821172667,-6.40795204727684,10.3
-0.591762426674416,-5.98881114628117,10.3
-1.05351116956144,-5.20950619894899,10.3
-1.45166045893208,-4.35808317854387,10.3
-1.88579518988555,-3.16569850301178,10.3
-2.19050836255254,-2.13735799738888,10.3
-2.41362438105237,-1.22315540973816,10.3
-2.45284608969525,-1.03625064525502,10.3
-2.47732497516062,-0.912817867316032,10.3
-2.49860189270358,-0.778964504474344,10.3
-2.54285954785013,-0.199447829938428,10.3
-2.52883237370516,0.544328724431632,10.3
-2.50262107809131,0.897276831794679,10.3
-2.46325914619103,1.25901524102724,10.3
-2.40338685408935,1.65125452445266,10.3
-2.29426339982675,2.19439605276248,10.3
-2.17959902688125,2.69094424338882,10.3
-1.98931758226517,3.46995757517291,10.3
-1.84575739365379,4.0609562296912,10.3
-1.6787493735451,4.68212881004866,10.3
-1.33677250314658,5.71187207507269,10.3
-1.03906789210293,6.34067465715332,10.3
-0.716486475022598,6.70415523624262,10.3
-0.301905332268161,6.76894245262925,10.3
0.120700601132372,6.52921250243796,10.3
0.473154549700896,6.14868762529759,10.3
0.898118663983337,5.49319380053117,10.3
1.30346286513536,4.6949502584464,10.3
1.77371082792569,3.50514167653891,10.3
2.04289354499241,2.64749780566222,10.3
2.24314412158067,1.93541149458922,10.3
2.38196563403145,1.36296103898972,10.3
2.43775708777473,1.10484011566313,10.3
2.46505675747321,0.971775650412366,10.3
2.48890586929517,0.838206149637468,10.3
2.52049782956114,0.578270966658038,10.3
2.5444759006268,0.0341793428013788,10.3
2.52263760773721,-0.629351507549819,10.3
2.49087366557254,-1.01201319104396,10.3
2.44415299564198,-1.39224534978659,10.3
2.34485409544068,-1.95312344312631,10.3
2.22626734723865,-2.49029066705014,10.3
2.04089450301914,-3.25690181757945,10.3
1.8891435309642,-3.88085870256567,10.3
1.70887473625662,-4.57332844054857,10.3
1.37010547404055,-5.62223489386127,10.3
0.96850076598617,-6.45225515855943,10.3
0.600608265828198,-6.76272462368298,10.3
0.19882161213121,-6.73648398271416,10.3
-0.210202120000497,-6.44820487406701,10.3
-0.528563146072953,-6.07600554625782,10.3
-0.96868521298732,-5.36664412530977,10.3
-1.35544701966003,-4.57967144422018,10.3
-1.79673386938204,-3.43670102253161,10.3
-2.11617365593283,-2.39555456002944,10.3
-2.29810546147094,-1.72051233338555,10.3
-2.41522547882189,-1.21184993816229,10.3
-2.47074692560429,-0.944071964988653,10.3
-2.51248410948817,-0.660875629456427,10.3
-2.54394119916542,-0.114652852012711,10.3
-2.52710428231751,0.562273237053828,10.3
-2.49972529117274,0.921697175877695,10.3
-2.45879268913896,1.28785635074276,10.3
-2.37762694750743,1.78832164212086,10.3
-2.26074305626873,2.34196854978908,10.3
-2.11747149772037,2.94575459258865,10.3
-1.91671604522039,3.76717395466579,10.3
-1.69638392492043,4.61551030709898,10.3
-1.43613313734896,5.43924785600631,10.3
-1.04833840500332,6.32158942807131,10.3
-0.691041302819294,6.71660168571357,10.3
-0.269736553654173,6.75850532318235,10.3
0.151767161208045,6.50076213315134,10.3
0.493503299724383,6.12127950475055,10.3
0.924126420094283,5.44622124403051,10.3
1.32097029527872,4.65581775674747,10.3
1.78412202822111,3.47392238715524,10.3
2.05510336919348,2.60484015432884,10.3
2.25517374738943,1.8886716236277,10.3
2.38583233889462,1.34494276815453,10.3
2.44116637929868,1.08782400677845,10.3
2.46768045908777,0.958087688597686,10.3
2.49084630198181,0.825245722813347,10.3
2.5406539491902,0.242079687091756,10.3
2.53759400454174,-0.344746228498341,10.3
2.51345882022087,-0.756018340140675,10.3
2.48693650850103,-1.04996469143356,10.3
2.45179570019765,-1.33825701814285,10.3
2.35655873897315,-1.89536724212722,10.3
2.23425398070015,-2.45618048501862,10.3
2.05989259214174,-3.1797823023737,10.3
1.84945705142739,-4.04731002447437,10.3
1.63234296477424,-4.84082707339599,10.3
1.27909455192862,-5.85786741827483,10.3
0.935652510957143,-6.5056169567563,10.3
0.616434648261865,-6.76145532828654,10.3
0.216615419241396,-6.74645962279949,10.3
-0.194307699167065,-6.46550376137463,10.3
-0.51518445906453,-6.0955992380883,10.3
-0.951606877592981,-5.39875689385557,10.3
-1.34098920363998,-4.61276198240515,10.3
-1.79141609435894,-3.45307660468742,10.3
-2.05955409289377,-2.58990553209709,10.3
-2.25763425960842,-1.87942003085667,10.3
-2.38675841851805,-1.34098670789163,10.3
-2.4420969680304,-1.08354556643922,10.3
-2.4684850334892,-0.954273466176009,10.3
-2.49152874695115,-0.821069306996893,10.3
-2.5408127403465,-0.238556545021795,10.3
-2.53744764520178,0.349650557056702,10.3
-2.51385572213467,0.751483976414383,10.3
-2.48815758026474,1.03885084612507,10.3
-2.45421023991313,1.32120914021986,10.3
-2.35968652502491,1.88003757864888,10.3
-2.23795024138444,2.44062424920718,10.3
-2.06850487390253,3.14507109889467,10.3
-1.85951120646544,4.005444520326,10.3
-1.59968380339767,4.94720474557727,10.3
-1.34543305822169,5.68907510809496,10.3
-1.0582844908281,6.30721808892469,10.3
-0.571660109730029,6.76845486132634,10.3
-0.122338471433102,6.6990564028766,10.3
0.291070166856868,6.36454350150487,10.3
0.649960478575567,5.90169347104721,10.3
1.13053865942205,5.05962414249301,10.3
1.58277497351788,4.03361165286717,10.3
1.94572430957278,2.97510895240792,10.3
2.20665913030501,2.07731400392037,10.3
2.38457672880076,1.35506537512321,10.3
2.4540620167253,1.02960544991613,10.3
2.47222889215257,0.93943250665372,10.3
2.48870826263415,0.844697685942891,10.3
2.54099515140164,0.256082397332678,10.3
2.53818828360207,-0.350365712598907,10.3
2.51641873984094,-0.728141743838603,10.3
2.49224913638395,-1.006036291126,10.3
2.46029596153447,-1.28169181988668,10.3
2.36724718361692,-1.84574554132882,10.3
2.24677800037769,-2.40595371797225,10.3
2.08760110686964,-3.07046808845297,10.3
1.88168096230171,-3.91543825138816,10.3
1.5377477293532,-5.14350902796768,10.3
1.28857246677995,-5.83387754304789,10.3
1.01083390021979,-6.38898548895081,10.3
0.500392615471545,-6.78966864703381,10.3
0.0629300167237649,-6.66959032663576,10.3
-0.338108225538871,-6.3158071643202,10.3
-0.717084383031923,-5.80035275329162,10.3
-1.22011820531847,-4.87830045239259,10.3
-1.76867268919766,-3.52523350113852,10.3
-2.1680990524539,-2.22097135364639,10.3
-2.38798016359451,-1.34189973463493,10.3
-2.43433479600456,-1.1269164729212,10.3
-2.4730817522278,-0.937293715489977,10.3
-2.49916508392121,-0.77691460674941,10.3
-2.54276371984025,-0.212513756742772,10.3
-2.53112081699902,0.50858807945347,10.3
-2.50683864460994,0.852269148354199,10.3
-2.4699238267342,1.20865130812339,10.3
-2.42601488001453,1.51820152158879,10.3
-2.32381428685025,2.05848856378737,10.3
-2.21765901493867,2.53113203090184,10.3
-2.03301845225151,3.29257843831297,10.3
-1.88302436004567,3.90980167609262,10.3
-1.70554317413243,4.58809146253221,10.3
-1.37306203575807,5.6163763274266,10.3
-17,5,5
-15.639939369019,5.00065886904762,5
-12.2371091896173,5.01950211800009,5
-10.3853687434738,5.06843349198921,5
-9.31347947648165,5.1292236346107,5
-8.22363652992021,5.25883840536802,5
-7.11288476296125,5.5400435089965,5
-6.01139631469563,5.92201530701911,5
-5.20092212265698,6.18848635380161,5
-4.36050812788971,6.34543719413767,5
-3.33915714191323,6.28656952131652,5
-3.0098284987396,6.21932993820644,5
-2.68249060791313,6.24684506655368,5
-2.02274168728952,6.80132337970641,5
-1.433785909247,7.30720433603223,5
-0.939893493322151,7.49737616452083,5
-0.442859623387144,7.38133657348316,5
0.0968136329686271,6.91836517842251,5
0.576609913873332,6.26263623142221,5
1.12647119402291,5.22981848494853,5
1.54905288752189,4.23232074130435,5
1.92774215022826,3.11402654989931,5
2.19917769631806,2.16732503932399,5
2.39962034843552,1.34081202068726,5
2.44470864222817,1.12723652185433,5
2.48244212319188,0.938770813715164,5
2.50848868888415,0.775784584453642,5
2.55142763870805,0.209266691385467,5
2.53961780534886,-0.511780900565074,5
2.51526539950896,-0.857427235960824,5
2.47826170036925,-1.21499273634329,5
2.43359539679236,-1.52908951410789,5
2.33127315580311,-2.06763382216217,5
2.22650684691385,-2.53281682487721,5
2.04155111109535,-3.29325802606002,5
1.8900214035678,-3.91431830549336,5
1.71056529825492,-4.59701513853714,5
1.37084091318378,-5.64099402067421,5
0.968174424248744,-6.46472378162549,5
0.592522591129,-6.77299481644766,5
0.188412669169067,-6.73713824246429,5
-0.220694570081057,-6.44141957564331,5
-0.545213963099376,-6.05592176827513,5
-0.991646758639847,-5.32636807041087,5
-1.37576638943574,-4.53517221788506,5
-1.82918469761803,-3.34049747023634,5
-2.15087704944992,-2.27729980650378,5
-2.35924884997495,-1.4650673623553,5
-2.45387141905675,-1.02881618758353,5
-2.47565425628489,-0.919288143853835,5
-2.49491730697491,-0.801573491987265,5
-2.54486803832735,-0.0449423525450993,5
-2.51258297768156,0.773854771529979,5
-2.48582597101459,1.06526073314781,5
-2.45063035300866,1.35032925453537,5
-2.35509507964848,1.90530302415939,5
-2.23245550347978,2.46610235053204,5
-2.05479906677197,3.20246113582432,5
-1.89580901499036,3.85511660210265,5
-1.70497131848517,4.58860541908713,5
-1.37300723934342,5.6154586599873,5
-0.972032730329902,6.44728554585977,5
-0.598820470286611,6.76356680832909,5
-0.196703333864726,6.73576715407672,5
0.212182237338669,6.4463869955731,5
0.531633394052905,6.07191785075679,5
0.972832227169488,5.35912850734745,5
1.35905775325065,4.57160466935509,5
1.79984955174539,3.42747159428768,5
2.11862815271275,2.38711285106125,5
2.30138448745744,1.70721206403057,5
2.41932399467942,1.19275681387244,5
2.44889402158205,1.05178405197447,5
2.47491003755126,0.92226121595729,5
2.49391500752071,0.807131552163229,5
2.54451468925637,0.0694435224548184,5
2.51410293217771,-0.752072721316354,5
2.49054069378757,-1.01819669216866,5
2.45987828079115,-1.28110110084789,5
2.36714718500256,-1.84364972853703,5
2.24677873007174,-2.40376672868197,5
2.08817145084205,-3.06618465949139,5
1.88245750478907,-3.91036210811691,5
1.55915534900253,-5.07561564966185,5
1.31757583653553,-5.76005881058774,5
1.04781558008378,-6.32597425059682,5
0.539865141580287,-6.77799070149805,5
0.0848218810433289,-6.67952533401606,5
-0.325174625425049,-6.32813969567513,5
-0.699034227632761,-5.82713992156253,5
-1.19578246831854,-4.92781924798953,5
-1.70733112395643,-3.69963286711101,5
-2.0424850438014,-2.65273155398067,5
-2.22593455168059,-2.00324744325632,5
-2.36204049173531,-1.45308751898828,5
-2.42777373985911,-1.1543142898248,5
-2.4582068172646,-1.007542856722,5
-2.48464217001168,-0.866579517415393,5
-2.50506980619977,-0.724828816783978,5
-2.54321225195145,-0.158379177340667,5
-2.52746474517769,0.556981909453412,5
-2.50047752887819,0.913956951292532,5
-2.46009328874261,1.27831634597193,5
-2.38806901795711,1.73275035877619,5
-2.27436532788524,2.28165199339432,5
-2.14435319429914,2.83521043700179,5
-1.94817133296945,3.63655187715389,5
-1.73793553246305,4.46560596926855,5
-1.53274643259907,5.15360815633333,5
-1.28522225460731,5.83805000252936,5
-1.0096095109766,6.38829789178239,5
-0.500092722272773,6.78842635513251,5
-0.0649044514498045,6.66994638185731,5
0.335579902807279,6.31805457148498,5
0.713348908333467,5.80581465072625,5
1.21502645760474,4.88864548939265,5
1.75476308789095,3.5654038546497,5
2.16239453944202,2.24028835186639,5
2.37516768093306,1.39826917327172,5
2.46456314223161,0.979131418844079,5
2.52334895986071,0.553133482089838,5
2.54515761738875,0.000339432554271268,5
2.51762398356258,-0.71001153506693,5
2.49822717134228,-0.942226268793428,5
2.4733120777667,-1.17670464974498,5
2.4115191055541,-1.60291762317117,5
2.30356327811621,-2.1508557158602,5
2.19177807253821,-2.63897671323777,5
2.00333092024169,-3.41196073357321,5
1.85802995688706,-4.0125172413584,5
1.68804401369166,-4.65040015478723,5
1.34716807787485,-5.6852891476115,5
1.04022374043169,-6.33860485669063,5
0.706726374660451,-6.70997953926326,5
0.290014645835754,-6.76579267046837,5
-0.13218449773725,-6.51918432877543,5
-0.480854915848896,-6.13864216647745,5
-0.908062783747326,-5.47550494801932,5
-1.3101293042166,-4.68022200285104,5
-1.7775345097565,-3.49377100898334,5
-2.04722417522012,-2.63245024446464,5
-2.24734662156168,-1.91918810064684,5
-2.38363102278144,-1.35533715259123,5
-2.43894834396475,-1.0989703138658,5
-2.46594395068614,-0.967211590668135,5
-2.48953533985539,-0.834191626632323,5
-2.53063860849005,-0.448653691364211,5
-2.5442519736511,0.0698780756417086,5
-2.51876292700778,0.685707124236798,5
-2.50111171768044,0.903913362821216,5
-2.47853692512577,1.12639088500376,5
-2.4433365770106,1.39737306935083,5
-2.34644812714005,1.94502669943875,5
-2.22670051800981,2.48815319332711,5
-2.04120378663549,3.25539291042541,5
-1.88937602945819,3.87965215253378,5
-1.70898495441708,4.57274244162667,5
-1.37022603190466,5.62177829936259,5
-0.968649935987204,6.45194383336108,5
-0.600609750158654,6.76266853372737,5
-0.198830395102453,6.73645087236356,5
0.210187367176297,6.44819376313434,5
0.528536549749236,6.07602199377729,5
0.968645184450633,5.36670354668851,5
1.3554110959633,4.57974241768928,5
1.79673480938327,3.43669198331771,5
2.11619385283656,2.39548034004405,5
2.29813390071871,1.72039299837817,5
2.41526098377449,1.21168106768587,5
2.47078291071111,0.943888562759399,5
2.51251540844539,0.660593922490364,5
2.54394590098164,0.114371444701415,5
2.52709031303616,-0.562515405141158,5
2.49969753169359,-0.92200636752323,5
2.45874728635251,-1.28820549558593,5
2.37714964268771,-1.79083617700629,5
2.26012051440998,-2.34471228483579,5
2.11620386584707,-2.95095460595473,5
1.91523385770303,-3.77333658145925,5
1.69438905145377,-4.62266470196622,5
1.43028795555106,-5.45583600291558,5
1.04134535614165,-6.33340409531604,5
0.676123089504141,-6.72505242715644,5
0.253324446909676,-6.75359602206662,5
-0.167116660603385,-6.48695376020933,5
-0.502952810641317,-6.10888359422815,5
-0.936150694376092,-5.42463117454899,5
-1.32934268170948,-4.63724488766815,5
-1.78837126984867,-3.46126228210179,5
-2.05949032373123,-2.58951928883821,5
-2.25920214045116,-1.87291565001222,5
-2.38738611527402,-1.33774934877228,5
-2.44271949518703,-1.08015098197654,5
-2.46928153052934,-0.949911698522187,5
-2.49242671327949,-0.814720111300013,5
-2.54087339522601,-0.235032896710721,5
-2.52945561572549,0.516442641304917,5
-2.50478441377652,0.861494306083682,5
-2.46740022061698,1.21847537740131,5
-2.42112942617653,1.54019647645131,5
-2.31776885485138,2.08063968342213,5
-2.21092939403053,2.5542024385956,5
-2.02560434272169,3.31774715750974,5
-1.87699643794771,3.93015069812217,5
-1.70164011179942,4.59835427803968,5
-1.36240153304891,5.64226258852457,5
-0.959473248586053,6.46605886710898,5
-0.602970766684598,6.76220446492614,5
-0.201535744574691,6.73778512344121,5
0.207736232905378,6.45073020609489,5
0.524771636106909,6.08124424310547,5
0.963605576517823,5.37597231933611,5
1.35106136933164,4.58955155689856,5
1.79536782338257,3.44081604193478,5
2.11656806209971,2.39423332921109,5
2.29875299480124,1.71791671980726,5
2.41602527228174,1.20815616650276,5
2.44552503752404,1.06810847741996,5
2.47154779936159,0.940052024101341,5
2.49277370159446,0.814711704421913,5
2.54158788224311,0.222141044468507,5
2.53649468785002,-0.379618211177932,5
2.51521157680408,-0.73736455876321,5
2.49141934051029,-1.00915832147349,5
2.46019216216686,-1.2784713525536,5
2.36737429223982,-1.84231245730821,5
2.24703102474118,-2.40252780970382,5
2.08878308600722,-3.06356259336436,5
1.8831818115643,-3.90720604226033,5
1.5709759610525,-5.03818700625509,5
1.33340353457045,-5.71940193300072,5
1.06787303959535,-6.29030905277944,5
0.559891567745473,-6.77126021495241,5
0.105877144769661,-6.69006966614234,5
-0.306705225125846,-6.34755015824474,5
-0.672559171154425,-5.8673654170093,5
-1.16049729017869,-4.99946797090396,5
-1.6350227626865,-3.89664543286727,5
-1.96871449024089,-2.90012292032447,5
-2.21160168241515,-2.05822484758033,5
-2.37287701633476,-1.40655930774667,5
-2.44249159746562,-1.08515003559431,5
-2.47243857252169,-0.937933849851752,5
-2.49797717444549,-0.781894826635653,5
-2.54217765482239,-0.21680925550174,5
-2.53077375232151,0.506371386949722,5
-2.50661110105997,0.849331519762461,5
-2.46985206408439,1.20526180113217,5
-2.42661683198909,1.51129849850313,5
-2.32473511355948,2.0518335161446,5
-2.2181355744471,2.52704752737999,5
-2.03356874180202,3.28849428887985,5
-1.88345146197927,3.90626666799604,5
-1.7057544340913,4.58591801424796,5
-1.36676013410809,5.63218937196117,5
-0.964512272158147,6.45908644194941,5
-0.601399076022657,6.76301892433909,5
-0.199671911820069,6.7372054056617,5
0.209486311586283,6.44915836367283,5
0.52749645441092,6.07765157784552,5
0.967293353812046,5.36932099043753,5
1.35425320021363,4.58244688762566,5
1.79625638372898,3.43819080266054,5
2.11613369480729,2.39574326128825,5
2.29808085078027,1.72065571303188,5
2.41519165728506,1.21204743371774,5
2.47071309844847,0.944279537643895,5
2.51245571979237,0.661188419403236,5
2.54394211258973,0.114961824366838,5
2.52712557770439,-0.562011156246849,5
2.49976160023726,-0.921363255463083,5
2.45884821327203,-1.28747949086457,5
2.37814164175968,-1.78564166025231,5
2.26141266498788,-2.33904436187615,5
2.11882495566776,-2.94022666434663,5
1.9182973072967,-3.76062366719411,5
1.69850646555729,-4.60791216638538,5
1.44216092091135,-5.42207028120021,5
1.05554695556228,-6.30934146490116,5
0.705914260325452,-6.70774348929708,5
0.28599623990969,-6.76302860021793,5
-0.13651713715751,-6.51424974262692,5
-0.483785346453843,-6.13397013556363,5
-0.911678245907309,-5.46845993625132,5
-1.31243726245782,-4.67469714052552,5
-1.77961131612383,-3.48735064740483,5
-2.05028276382892,-2.62164534578984,5
-2.25065264635471,-1.90627158497142,5
-2.3844020771995,-1.35160389055242,5
-2.43973044937039,-1.09495301920865,5
-2.46655192662202,-0.963929756562594,5
-2.48999113096347,-0.8310563561239,5
-2.54050359953054,-0.247626729526929,5
-2.53793819910955,0.336626221386417,5
-2.51262829077685,0.767087261885635,5
-2.48368717992428,1.08045255975873,5
-2.4449906396568,1.38627988474751,5
-2.34769346681205,1.93915454027212,5
-2.22648263102352,2.48927333848379,5
-2.04071822531681,3.25753498319911,5
-1.88900132934677,3.88137117229054,5
-1.70878583706336,4.57358329319246,5
-1.37001271382115,5.62243939692388,5
-0.968394308326557,6.45239694987652,5
-0.600660258434548,6.7626953264439,5
-0.198883772091529,6.73650185354657,5
0.21014344854125,6.44825657585872,5
0.528471771145786,6.07612542729188,5
0.968561414069496,5.36686715330782,5
1.35533940105171,4.57991088419647,5
1.79670400610328,3.43678894598445,5
2.11618848063491,2.3955027687737,5
2.29812836861281,1.72041878709559,5
2.41525387756471,1.21171721891345,5
2.47077573703063,0.943927382826147,5
2.51250923545446,0.660653169511801,5
2.54394530618238,0.114430387663122,5
2.52709361920024,-0.562464949597987,5
2.4997037171104,-0.921941992419038,5
2.45875715586406,-1.28813281576253,5
2.37725010964592,-1.79030944696289,5
2.2602514241928,-2.34413738092845,5
2.11647029910989,-2.94986350225367,5
1.91554528284869,-3.77204330487874,5
1.69480837086458,-4.62116248334591,5
1.43153016232244,-5.45231849478062,5
1.04283160269959,-6.33089984337427,5
0.679336244399971,-6.72326989904395,5
0.256868053204698,-6.75468595077011,5
-0.163806362040691,-6.489952003468,5
-0.500944961543072,-6.11152224204554,5
-0.933602847477829,-5.42921490765271,5
-1.32755851080947,-4.64120699488327,5
-1.7874774868933,-3.46392583638551,5
-2.05857831388526,-2.59270626784786,5
-2.25837086746985,-1.87617250288083,5
-2.38704601135347,-1.33932166002708,5
-2.44237980663029,-1.08182726762728,5
-2.46885466354476,-0.95208084097232,5
-2.49194924891884,-0.817891739438179,5
-2.54081479392055,-0.23680688376862,5
-2.53732243637594,0.351459642281526,5
-2.5138552836397,0.750773488914816,5
-2.4882631670861,1.03730787172966,5
-2.45446733542032,1.31892368853049,5
-2.36003343130657,1.87800781775986,5
-2.23837050937278,2.43857935280918,5
-2.06955612035121,3.14058504259887,5
-1.860752892866,4.0000438424636,5
-1.59242093558667,4.97043760194292,5
-1.34343100679955,5.69407645496796,5
-1.06306411881696,6.29881930313114,5
-0.574164400723554,6.76740493735001,5
-0.124505141987338,6.69997882072286,5
0.289278635835897,6.36631441720498,5
0.647354796869571,5.90549351279218,5
1.12705375897946,5.06647712989989,5
1.57710754603155,4.04814477656761,5
1.94366641680103,2.98173058601274,5
2.2067240609735,2.07712908096487,5
2.38594795498646,1.34896425124107,5
2.45511185360085,1.02452153765967,5
2.4736431176031,0.931923175035652,5
2.49038521988906,0.833934438571297,5
2.54205430313547,0.222986500428716,5
2.5361526202565,-0.398941294100167,5
2.51459208191363,-0.752037982875134,5
2.49057048145542,-1.02287838426636,5
2.45920537395167,-1.29006573592874,5
2.3661146874903,-1.85162996321397,5
2.24546427717936,-2.41172320550126,5
2.08462516189743,-3.08265777576992,5
1.87819174260972,-3.93012329460676,5
1.57818252744153,-5.0169212803421,5
1.338905833405,-5.70646169201398,5
1.07100576274563,-6.28545914607712,5
0.566265106060817,-6.76966959229074,5
0.113151684139841,-6.69405799310054,5
-0.300176806642553,-6.35466449868788,5
-0.663177400647712,-5.88167879399015,5
-1.14806233757974,-5.02455187839252,5
-1.61254461681564,-3.95612495265772,5
-1.95799501823183,-2.9352210232421,5
-2.20832314732704,-2.07072891594185,5
-2.37746201606715,-1.3864812734195,5
-2.44771278171376,-1.06017005298231,5
-2.46422469182381,-0.979166573048821,5
-2.47944369064675,-0.899025460264329,5
-2.50040033690492,-0.763394629186245,5
-2.54286371281098,-0.187232909570587,5
-2.52825693311185,0.548827093046203,5
-2.5017753584683,0.903131584090558,5
-2.46206002649825,1.26573608357026,5
-2.39864250447592,1.67620478691569,5
-2.28813529579548,2.22082143816684,5
-2.16989720880269,2.73020123125558,5
-1.97807680133369,3.51476202547009,5
-1.82955292949195,4.12337980931168,5
-1.65659846856624,4.75678887973975,5
-1.31077444005213,5.77734321444087,5
-1.02834803926671,6.35932153922876,5
-0.724126466811746,6.70043492589179,5
-0.313423166393942,6.77236493537369,5
0.109139077694234,6.53953375045135,5
0.465115212448341,6.15939167442237,5
0.88772318927347,5.51178830824293,5
1.2966472165458,4.71010676340621,5
1.76932915841452,3.51822027230105,5
2.03755129323866,2.66605876466789,5
2.23776185523506,1.95610772355082,5
2.37764613446355,1.38229695686579,5
2.43536483333415,1.11634287983822,5
2.46335707895009,0.980265690310891,5
2.48778224496345,0.84510917817829,5
2.51356007905908,0.648352403170699,5
2.54391693898705,0.0972840998335823,5
2.52546214439044,-0.584814850057407,5
2.49681183442174,-0.950147510107026,5
2.45426754892729,-1.31973513471609,5
2.37188818623789,-1.81707906908492,5
2.26328412367964,-2.32963233042338,5
2.11886499108793,-2.93901868092729,5
1.9181231202449,-3.76038087713947,5
1.69831728495599,-4.60782350427508,5
1.44210038483679,-5.42166825386794,5
1.05551099876091,-6.30906880851842,5
0.706036559313464,-6.70746152407168,5
0.286172356289665,-6.76294360858611,5
-0.136323711336984,-6.51432970244936,5
-0.483634040761346,-6.13409992950115,5
-0.911466932796858,-5.46878871245957,5
-1.31228147715455,-4.67500777421988,5
-1.77959225618607,-3.48738820477883,5
-2.05032593268537,-2.62148236622066,5
-2.25072582427026,-1.9059795644519,5
-2.38442086288485,-1.35150845532726,5
-2.43974936733019,-1.09485149099051,5
-2.46656647836044,-0.963846887048915,5
-2.49000180788345,-0.830974222169541,5
-2.54050438399984,-0.247548523945053,5
-2.53793204086889,0.336740263496973,5
-2.51264111713256,0.766900061521513,5
-2.48374121628255,1.07994026435976,5
-2.44510544954911,1.38547509734097,5
-2.34784315065745,1.93841490999348,5
-2.22645972203085,2.48936540725189,5
-2.04066509869553,3.25774566134328,5
-1.88896002084044,3.88153803387067,5
-1.70876297418882,4.57366116458967,5
-1.36998882895166,5.62250066112756,5
-0.968366413827214,6.45243918126179,5
-0.600670467350096,6.76269205992692,5
-0.198895661481447,6.73650687485003,5
0.210132517248425,6.44826729329408,5
0.528454909131426,6.07614837888019,5
0.968538748229845,5.366908556446,5
1.35531974995826,4.57995500747215,5
1.79669806406619,3.43680672287151,5
2.11619050384783,2.39549586562785,5
2.29813161909599,1.72040565709133,5
2.41525789631746,1.21169856991212,5
2.47077981593897,0.943907040759166,5
2.51251279627092,0.660621846071174,5
2.54394590685314,0.114399056022102,5
2.52709213990416,-0.562491956954571,5
2.49970070097536,-0.921976483272665,5
2.45875217357409,-1.2881717660567,5
2.37719667192023,-1.79059128275231,5
2.26018170754985,-2.34444493400715,5
2.11632812936315,-2.95044696239138,5
1.91537903711409,-3.77273482693381,5
1.69458446137075,-4.62196557200093,5
1.43086725234209,-5.45419676241725,5
1.04203842741271,-6.33223711096152,5
0.677624184311679,-6.72422246774729,5
0.254980470376866,-6.75410757042244,5
-0.165569966333812,-6.48835614002615,5
-0.502016821145347,-6.11011402377109,5
-0.934963488021429,-5.42676767642104,5
-1.32851067172143,-4.63909284870531,5
-1.78795512069249,-3.46250249902781,5
-2.05906627853469,-2.59100122512911,5
-2.25881598275081,-1.87442894151531,5
-2.38722691946367,-1.33848519728499,5
-2.44256050586448,-1.08093545993863,5
-2.46908150655597,-0.950928079661762,5
-2.49220288347486,-0.816207894607184,5
-2.54084570427665,-0.235866576372482,5
-2.537284256935,0.352452898963116,5
-2.5138864289539,0.750383492122453,5
-2.48835367773584,1.03645577268814,5
-2.45464266521302,1.3176575395119,5
-2.36026049541676,1.87687828207516,5
-2.23863929723033,2.43743584363627,5
-2.07017602801319,3.13807675894358,5
-1.86147725564036,3.99701990866838,5
-1.58783983627832,4.9851285444744,5
-1.3418337036894,5.69818039247216,5
-1.06531927905837,6.29489397479679,5
-0.571288360442507,6.76816746533931,5
-0.120506303378777,6.69786479485818,5
0.293083429392529,6.36222877472801,5
0.652882491804283,5.89718199064865,5
1.13438763517882,5.05188069059625,5
1.5891704107168,4.01704161671768,5
1.94816442589182,2.96716745179482,5
2.20674683981732,2.07687077772129,5
2.38301343037171,1.36196363689857,5
2.45278872400688,1.03572270020839,5
2.47055849750856,0.947876140801019,5
2.4867429065156,0.856699397681863,5
2.53959820649671,0.29236333117841,5
2.54008957025877,-0.297248613082511,5
2.50932944541274,-0.817365585512413,5
2.48938181878144,-1.03387437023595,5
2.46478237407604,-1.24688092023596,5
2.37443329638551,-1.808465120064,5
2.2554963677693,-2.36785070578962,5
2.10643331762417,-2.99350518711634,5
1.90370200919045,-3.82363314486594,5
1.67856234427671,-4.68110933073009,5
1.37423110329927,-5.61205079579017,5
0.97412797224425,-6.44392877386061,5
0.597658239710945,-6.76386114521922,5
0.195356857653002,-6.73514556082824,5
-0.213410934194434,-6.44514563156136,5
-0.533518848339873,-6.06931700408868,5
-0.975359385110832,-5.35448278875685,5
-1.36126166545207,-4.56663275801575,5
-1.80392731707579,-3.41534055956143,5
-2.12315686156637,-2.37145809220112,5
-2.3076389192258,-1.68168266882355,5
-2.42728435104836,-1.15538554948099,5
-2.45709180818739,-1.01180797890968,5
-2.48308598711592,-0.874694223411252,5
-2.50288538879318,-0.740532642959245,5
-2.54288747785166,-0.164970829079004,5
-2.52671670731526,0.566305262062831,5
-2.49923994255155,0.925366975185333,5
-2.45825138132353,1.2908167990219,5
-2.37190537303093,1.81739420312415,5
-2.25331725341295,2.37385370971461,5
-2.10230208061906,3.00722926580176,5
-1.89902346138934,3.84015059282922,5
-1.67237973129147,4.70082135896062,5
-1.34967543728966,5.6758836478779,5
-1.04062297266708,6.33598617544316,5
-0.704561880769686,6.71000041126636,5
-0.287476329130382,6.76430006575544,5
0.134505829986711,6.5166000051831,5
0.482257613566509,6.13640041465955,5
0.909770761735742,5.47216968144437,5
1.31121087236148,4.67762584324458,5
1.77853369788456,3.49068204891926,5
2.04870765963453,2.62721212430474,5
2.248955462963,1.91290876641565,5
2.38397544533566,1.35365858185401,5
2.43929915531138,1.09715842209112,5
2.46621619277966,0.965731960387268,5
2.48973932899342,0.832798547367915,5
2.53978554587241,0.26861184058465,5
2.5382192168583,-0.329566536632773,5
2.51452341374497,-0.742844243756027,5
2.4886965682711,-1.0336591581183,5
2.45440526505504,-1.31979921076171,5
2.35983312354189,-1.87931154021871,5
2.23811129742372,-2.43994243470216,5
2.06888725239889,-3.14352654316694,5
1.85995849554052,-4.00357950972092,5
1.59730299694559,-4.95488500786205,5
1.34487132970436,-5.69050688076846,5
1.06006643206917,-6.30411896782656,5
0.573477190994226,-6.7678098101127,5
0.124236525945386,-6.69996510969072,5
-0.289395150331866,-6.36627698803823,5
-0.647526434696321,-5.90530176933352,5
-1.12729757890193,-5.06603662028305,5
-1.57748919760408,-4.04719366902099,5
-1.94379996734254,-2.98131983475908,5
-2.20671279913721,-2.07718117208524,5
-2.38585719588974,-1.34938055696722,5
-2.45504768502023,-1.02484379106765,5
-2.47355538214609,-0.932402122894433,5
-2.49028058958954,-0.834624214767412,5
-2.54199225830056,-0.22512748631223,5
-2.53629326636846,0.395796061840468,5
-2.51487909986867,0.748339303542148,5
-2.49097724688686,1.01882206898245,5
-2.45974140307454,1.28599264413789,5
-2.36677924228646,1.84821407586199,5
-2.24625056158503,2.40830103816666,5
-2.0863898472229,3.07545680037882,5
-1.88025852946219,3.92144971751832,5
-1.50288856259198,5.24954638929924,5
-1.24084463374093,5.94965856340074,5
-0.949617935776187,6.48558038752447,5
-0.640911714778714,6.7508716482891,5
-0.245285330273674,6.75637598064946,5
0.167511781003792,6.49026264605516,5
0.499876737841527,6.11574570310008,5
0.932331007216544,5.43348937965974,5
1.32701662542977,4.64381025133626,5
1.7849119304766,3.47241609892767,5
2.05351004765258,2.6109771628321,5
2.25242985732104,1.89973829130258,5
2.38497362719882,1.34928730165684,5
2.44030774295547,1.09241926047999,5
2.46701771629481,0.961846144796726,5
2.4903575705748,0.828975123267063,5
2.54061298368262,0.24562077631406,5
2.53786824880583,-0.33958557535833,5
2.51303113245079,-0.76250454840679,5
2.48509500194208,-1.06790457472976,5
2.44787825766613,-1.36655136710281,5
2.35143716256945,-1.92106672496658,5
2.22818207531812,-2.48232308780908,5
2.04505738151796,-3.24018236613689,5
1.89233538530111,-3.86776980751396,5
1.71055246436971,-4.56748240539747,5
1.37184442118719,-5.61768341143821,5
0.970535675968092,-6.44912045708555,5
0.599844368408547,-6.76294233894995,5
0.197934819933609,-6.73609159895964,5
-0.211014300840392,-6.44739618567962,5
-0.52981359643058,-6.07429321767928,5
-0.970363851830979,-5.36357002068946,5
-1.35690352826136,-4.57639530792995,5
-1.7971815793232,-3.43535887176239,5
-2.11603370707863,-2.39602977203373,5
-2.29787819574926,-1.72142834405367,5
-2.41494477841136,-1.21315054525844,5
-2.4704620968627,-0.945490463724864,5
-2.51223535742773,-0.663058491408235,5
-2.54389895316944,-0.116840615822569,5
-2.5272078179452,0.560381482117312,5
-2.49993639496822,0.91928117167302,5
-2.45914142459266,1.28512787804859,5
-2.38111407178805,1.76981210520325,5
-2.26529660388362,2.32180689093934,5
-2.12664821922269,2.90802550550439,5
-1.92745169240885,3.72251088822883,5
-1.71073280289082,4.56389349618016,5
-1.47399120050928,5.32982715072544,5
-1.19626032143192,6.04253993284763,5
-0.888209157572123,6.55883526907524,5
-0.605442424125256,6.76136397941306,5
-0.204020410132698,6.73880778020378,5
0.205544844589901,6.45286231790893,5
0.521384971944662,6.08582702012665,5
0.959047993291685,5.38426591506511,5
1.34714483443476,4.59831786486412,5
1.79422036762573,3.44425074874836,5
2.11701889868673,2.39269736569125,5
2.29946603097724,1.71503646611167,5
2.4169096127522,1.20404942151058,5
2.44642698811198,1.06376020363492,5
2.47244729379731,0.935560836053861,5
2.4925297691825,0.81662882999033,5
2.54471242680084,0.045629125884338,5
2.5119484827615,-0.779876580863639,5
2.48414186310575,-1.07933340411807,5
2.44743978749917,-1.37162265006723,5
2.35099076101567,-1.92469891889928,5
2.2276289679726,-2.4858886980509,5
2.04320735105243,-3.24877674130169,5
1.89093458973468,-3.87461916819509,5
1.70986636751514,-4.57074827012405,5
1.37110693721962,-5.62022525439966,5
0.969637979318477,-6.45085743406748,5
0.59995483586124,-6.7631471321751,5
0.198033269855315,-6.73629216627712,5
-0.210952577976109,-6.44756711983948,5
-0.529735063288688,-6.07448545524099,5
-0.970276802644251,-5.36378823786652,5
-1.35683307321409,-4.57659540326757,5
-1.79710975024221,-3.4356006843904,5
-2.11597031069318,-2.39626895710806,5
-2.29779355900869,-1.72178936736813,5
-2.41483876028171,-1.21366007078561,5
-2.47035478659857,-0.946042395741077,5
-2.51214213414723,-0.663904027557633,5
-2.54388569071886,-0.117688026848322,5
-2.52725119051834,0.559648237875498,5
-2.50002147389611,0.918345068701295,5
-2.45927987571701,1.28407077653326,5
-2.38236862681807,1.7631240161721,5
-2.26693544297251,2.3145363120806,5
-2.12990537727133,2.89461971216885,5
-1.93126341018492,3.70666202011804,5
-1.71578503964807,4.54567094792514,5
-1.48594783843591,5.29457559480687,5
-1.21866801721449,5.99491084887242,5
-0.922141181259585,6.52116153486101,5
-0.648062829329439,6.7469778625362,5
-0.253484241453236,6.75862125497193,5
0.159799007489767,6.49698285559007,5
0.495192088583181,6.12168069395528,5
0.926333526525386,5.44410998724005,5
1.32282051521376,4.65301495208033,5
1.78290565212217,3.4783195135286,5
2.05159043046711,2.61761693984008,5
2.25074232395215,1.90626613291888,5
2.38448703565822,1.35153229061165,5
2.43981726265254,1.09483350565125,5
2.46663184277163,0.963823517380205,5
2.49006470272965,0.830941733999819,5
2.54055930583655,0.247501498125805,5
2.53798208349937,-0.336830301559407,5
2.51270986914483,-0.766722046279555,5
2.48385047021396,-1.07945381843161,5
2.44527427648325,-1.38470756576192,5
2.34804852639856,-1.93769981384504,5
2.22649859719031,-2.4894488099738,5
2.04067192220284,-3.25794159047977,5
1.88896693806461,-3.8817218476105,5
1.70877285844339,-4.57379572452333,5
1.36999315844457,-5.6226074423437,5
0.968364719481374,-6.4525101198408,5
0.600625838419989,-6.76275092011455,5
0.198838027917041,-6.73651204810122,5
-0.210190859999342,-6.44823059235957,5
-0.528547982216048,-6.07603752605048,5
-0.968667285503622,-5.36668473807369,5
-1.35543217128652,-4.57971034690795,5
-1.79672260189048,-3.43673830473209,5
-2.11616571081887,-2.39558471432396,5
-2.29809499963898,-1.72055714989161,5
-2.41521234767192,-1.21191323017422,5
-2.47073362780461,-0.944140541863034,5
-2.51247256669179,-0.660980815087538,5
-2.54393958346315,-0.114757871838629,5
-2.5271096352392,0.562182912538081,5
-2.49973578917051,0.921581868469706,5
-2.45880977003195,1.28772614779902,5
-2.37780323763923,1.78739285283362,5
-2.26097297768475,2.34095535101096,5
-2.11793867429675,2.94383827902151,5
-1.91726229764302,3.76490329370491,5
-1.69711820136598,4.61287616397012,5
-1.43824225126828,5.43324259947889,5
-1.0508612108685,6.31730916662012,5
-0.696302782208539,6.71351618312999,5
-0.275500408761366,6.76014657435702,5
0.146365897462269,6.50556482858904,5
0.490097091277682,6.12573401961496,5
0.919772244968404,5.45401286029204,5
1.31796941370984,4.66246275610674,5
1.78255980152558,3.47857454837422,5
2.05345474468411,2.61059127003961,5
2.25363924235357,1.8946552273514,5
2.3853069124582,1.34738336543337,5
2.44063999801807,1.09043157883918,5
2.46726601964114,0.960226890233889,5
2.49053146362486,0.827374908466989,5
2.54059702986177,0.244109391039316,5
2.53771826806347,-0.341775896741198,5
2.51319291445657,-0.759564873936802,5
2.48589592196375,-1.059815478169,5
2.44961852630371,-1.35381503520336,5
2.35371974319421,-1.90947233888963,5
2.23089250371568,-2.47052181084145,5
2.05180613641099,-3.21257873420815,5
1.89733506453619,-3.84680294288803,5
1.71284696256453,-4.55876678120381,5
1.39887229047336,-5.54418980106915,5
1.0029392633867,-6.39730456059435,5
0.582562846524135,-6.76813911085892,5
0.171772647462572,-6.72462750544433,5
-0.234807648810887,-6.42379017325691,5
